url,display_url,indexed,published,search_indexed,title_snippet,content_snippet,title,content,root_url,domain_url,host_url,parent_url,lang,nsfw_level,sentiment,source_type,post_type,cluster_id,tags_internal,tags_marking,tags_customer,entity_urls,images.url,videos.url,pagemonitoring_sitemon_siteid,matched_profile,article_extended_attributes.facebook_shares,article_extended_attributes.facebook_reactions_total,article_extended_attributes.facebook_likes,article_extended_attributes.facebook_reactions_haha,article_extended_attributes.facebook_reactions_angry,article_extended_attributes.facebook_reactions_sad,article_extended_attributes.facebook_reactions_love,article_extended_attributes.facebook_reactions_wow,article_extended_attributes.twitter_retweets,article_extended_attributes.url_views,article_extended_attributes.pinterest_likes,article_extended_attributes.pinterest_pins,article_extended_attributes.pinterest_repins,article_extended_attributes.youtube_views,article_extended_attributes.youtube_likes,article_extended_attributes.youtube_dislikes,article_extended_attributes.instagram_likes,article_extended_attributes.twitter_shares,article_extended_attributes.twitter_quote_tweets,article_extended_attributes.twitter_replies,article_extended_attributes.twitter_impressions,article_extended_attributes.twitter_video_views,article_extended_attributes.num_comments,source_extended_attributes.alexa_pageviews,source_extended_attributes.semrush_pageviews,source_extended_attributes.facebook_followers,source_extended_attributes.facebook_group_members,source_extended_attributes.twitter_followers,source_extended_attributes.instagram_followers,source_extended_attributes.pinterest_followers,extra_article_attributes.world_data.continent,extra_article_attributes.world_data.country,extra_article_attributes.world_data.country_code,extra_article_attributes.world_data.region,extra_article_attributes.world_data.city,extra_article_attributes.world_data.longitude,extra_article_attributes.world_data.latitude,extra_author_attributes.id,extra_author_attributes.type,extra_author_attributes.name,extra_author_attributes.gender,extra_author_attributes.image_url,extra_author_attributes.short_name,extra_author_attributes.url,extra_author_attributes.world_data.continent,extra_author_attributes.world_data.country,extra_author_attributes.world_data.country_code,extra_author_attributes.world_data.region,extra_author_attributes.world_data.city,extra_author_attributes.world_data.longitude,extra_author_attributes.world_data.latitude,extra_source_attributes.world_data.continent,extra_source_attributes.world_data.country,extra_source_attributes.world_data.country_code,extra_source_attributes.world_data.region,extra_source_attributes.world_data.city,extra_source_attributes.world_data.longitude,extra_source_attributes.world_data.latitude,engagement,reach,provider,generator.type,source_extended_attributes.alexa_unique_visitors,source_extended_attributes.semrush_unique_visitors,article_extended_attributes.twitter_likes,extra_author_attributes.description,article_extended_attributes.linkedin_shares,article_extended_attributes.linkedin_impression,extra_source_attributes.name,word_count,rating,source_extended_attributes.ave
http://twitter.com/MarieLaureDupon/status/1824491265116807532,,08/16/2024 19:03:08,08/16/2024 18:59:49,08/16/2024 19:03:24,,RT @Tian_A1: La vaccination contre la variole du singe debute en #Suisse romande [ rts.ch ] Les doses de vaccins contre la variole du singe seront livrees aux cantons les plus #Touches a partir de cette fin de semaine. https://t.co/6Ast1w80H7,,RT @Tian_A1: La vaccination contre la variole du singe debute en #Suisse romande [ https://t.co/J9xJ5h2Zcb ] Les doses de vaccins contre la variole du singe seront livrees aux cantons les plus #Touches a partir de cette fin de semaine. https://t.co/6Ast1w80H7,http://twitter.com/MarieLaureDupon/,http://twitter.com/,http://twitter.com/,http://twitter.com/Tian_A1/status/1590595214775058432,fr,0,0,"SOCIALMEDIA,SOCIALMEDIA_TWITTER",LINK,,"isComment,isRepost",,,"[{""display_url"":""rts.ch"",""expanded_url"":""http://www.rts.ch"",""url"":""https://t.co/J9xJ5h2Zcb""}]",,,,SEARCH /  / L√§nderreputation,0,0,0,0,0,0,0,0,0,0,0,0,0,0,0,0,0,0,0,0,0,0,0,5735000064,0,0,0,1829,0,0,Europe,Switzerland,ch,Canton of Geneva,Geneva,6.1358642578125,46.2112426757813,tw:119243702,,Marie-Laure Dupont üá®üá≠de Saint-Maurice d'Agaune,FEMALE,http://pbs.twimg.com/profile_images/1824034178335219713/aNeRSuE0_normal.jpg,MarieLaureDupon,http://twitter.com/MarieLaureDupon/,Europe,Switzerland,ch,Canton of Geneva,Geneva,6.1358642578125,46.2112426757813,Europe,Switzerland,ch,Canton of Geneva,Geneva,6.1358642578125,46.2112426757813,0,1829,,,1037070528,0,0,üá®üá≠de souche valaisanne #Sion #UDC #MCG #Catholiqueromaine pratiquante ‚úùÔ∏è ŸÜ #Chr√©tiens du monde  #SoutienüáÆüá± ‚ú°Ô∏èüïé #X #FB 4K annul√© https://t.co/r8CjKkJWdV ‚ò¶Ô∏è,0,0,Marie-Laure Dupont üá®üá≠de Saint-Maurice d'Agaune,38,,0
https://www.rfj.ch/rfj/Actualite/Culture/Locarno-prix-du-public-pour-Klaudia-Reynicke.html,,08/17/2024 23:01:20,08/17/2024 22:44:00,08/17/2024 23:01:37,Locarno: prix du public pour Klaudia Reynicke,Le film de Klaudia Reynicke sort dans les salles de Suisse romande le 4...,Locarno: prix du public pour Klaudia Reynicke,"La r√©alisatrice helv√©tico-p√©ruvienne Klaudia Reynicke remporte le prix du public du Festival de Locarno. Entre monde r√™v√© et r√©alisme, son film 'Reinas' (Les reines) est une chronique familiale qui se d√©roule dans les ann√©es 90 √† Lima.

Le film a con...",https://www.rfj.ch/,http://rfj.ch/,http://www.rfj.ch/,https://www.rfj.ch/rfj/Actualite/Culture/Locarno-prix-du-public-pour-Klaudia-Reynicke.html,fr,0,0,"ONLINENEWS,ONLINENEWS_TVRADIO",TEXT,https://www.radiolac.ch/culture/locarno-prix-du-public-pour-klaudia-reynicke/,"containsImage,hasImage",,,[],https://www.rfj.ch/Htdocs/Images/Pictures/20240817224410829.jpg,,,SEARCH /  / L√§nderreputation,0,0,0,0,0,0,0,0,0,0,0,0,0,0,0,0,0,0,0,0,0,0,0,50000,673955,0,0,0,0,0,,,,,,0.0,0.0,ex:www.rfj.ch-112822,,RFJ,UNKNOWN,,,,,,,,,0.0,0.0,Europe,Switzerland,ch,Canton of Bern,Bern,7.4652099609375,46.9143676757813,0,82706,,,35714,82706,0,,0,0,www.rfj.ch,254,,0
http://twitter.com/_Loux7_/status/1825930036077056324,,08/20/2024 18:17:47,08/20/2024 18:16:59,08/20/2024 18:17:49,,@GoeyvaertsJrme1 @DansLaMusette Belle saison de merde pour lui c'est pas le tour de Romandie je pense qui va le rendre heureux,,@GoeyvaertsJrme1 @DansLaMusette Belle saison de merde pour lui c'est pas le tour de Romandie je pense qui va le rendre heureux,http://twitter.com/_Loux7_/,http://twitter.com/,http://twitter.com/,http://twitter.com/GoeyvaertsJrme1/status/1825929174999028141,fr,0,-5,"SOCIALMEDIA,SOCIALMEDIA_TWITTER",TEXT,,"isComment,isTwitterReply",,,[],,,,SEARCH /  / L√§nderreputation,0,0,0,0,0,0,0,0,0,0,0,0,0,0,0,0,0,0,0,1,73,0,0,5735000064,0,0,0,206,0,0,,,,,,0.0,0.0,tw:1414146961188478977,,LOUXüáßüá™REMCOCORICO,MALE,http://pbs.twimg.com/profile_images/1823717444197740544/W0_b5CN5_normal.jpg,_Loux7_,http://twitter.com/_Loux7_/,Europe,France,fr,Paris,Paris,2.3345947265625,48.8644409179688,Europe,France,fr,Paris,Paris,2.3345947265625,48.8644409179688,4,206,,,1037070528,0,3,"17/ Auto-Moto-Cyclisme-Catch                                                             
Leclerc-Ferrari | Rainbow Remco 2 | DankeSeb",0,0,LOUXüáßüá™REMCOCORICO,21,,0
https://www.arcinfo.ch/suisse/education-lheure-de-la-rentree-a-sonne-pour-les-petits-romands-1412838,,08/18/2024 12:05:01,08/18/2024 11:30:00,08/18/2024 12:05:09,Education: l‚Äôheure de la rentr√©e a sonn√© pour les petits Romands,"...milliers d‚Äôenfants reprennent l‚Äô√©cole en Suisse romande, sauf √† Fribourg. Vaud accueille le plus grand nombre d‚Äô√©l√®ves...",Education: l‚Äôheure de la rentr√©e a sonn√© pour les petits Romands,"Des centaines de milliers d‚Äôenfants reprennent l‚Äô√©cole en Suisse romande, sauf √† Fribourg. Vaud accueille le plus grand nombre d‚Äô√©l√®ves, tandis que Neuch√¢tel enregistre une baisse. Les p√©nuries d‚Äôenseignants pr√©occupent plusieurs cantons.",https://www.arcinfo.ch/,http://arcinfo.ch/,http://www.arcinfo.ch/,https://www.arcinfo.ch/suisse/education-lheure-de-la-rentree-a-sonne-pour-les-petits-romands-1412838,fr,0,0,"ONLINENEWS,ONLINENEWS_NEWSPAPER",TEXT,https://www.arcinfo.ch/suisse/education-lheure-de-la-rentree-a-sonne-pour-les-petits-romands-1412838,"containsImage,hasImage,isClusterMainDoc",,,[],https://media.arcinfo.ch/media/image/129/nf_normal_16_9/624101424-highres.jpg,,,SEARCH /  / L√§nderreputation,0,0,0,0,0,0,0,0,0,0,0,0,0,0,0,0,0,1,0,0,0,0,0,90000,471493,0,0,0,0,0,,,,,,0.0,0.0,ex:www.arcinfo.ch-0,,,UNKNOWN,,,,,,,,,0.0,0.0,Europe,Switzerland,ch,Canton of Bern,Bern,7.4652099609375,46.9143676757813,1,179291,,,64285,179291,0,,0,0,www.arcinfo.ch,32,,0
https://www.gastronomie-magazin.com/news/food-save-genial-in-der-schweiz/,,08/15/2024 13:00:44,08/15/2024 09:13:23,08/15/2024 13:00:57,Food Save genial in der Schweiz,"...Ortschaften der Deutschschweiz und der Romandie ein festliches 3-Gang-Men√º aus einwandfreien Lebensmitteln zu, die den Weg...",Food Save genial in der Schweiz,Vom 16. August bis 3. November laden lokale Akteur:innen in der ganzen  Schweiz Jung und Alt ein zu einem feinen Men√º aus Lebensmittel√ºbersch√ºssen. Unter dem Namen foodsave-bankette.ch wird die Freude am gemeinsamen Essen und die Wertsch√§tzung von Na...,https://www.gastronomie-magazin.com/,http://gastronomie-magazin.com/,http://www.gastronomie-magazin.com/,https://www.gastronomie-magazin.com/news/food-save-genial-in-der-schweiz/,de,0,5,"ONLINENEWS,ONLINENEWS_OTHER",TEXT,,"containsImage,hasImage,isQuestion",,,"[{""url"":""https://www.gastronomie-magazin.com/news/tourismus/das-denkt-die-schweizer-bevoelkerung-ueber-den-tourismus/""},{""url"":""foodsave-bankette.ch""},{""url"":""https://www.gastronomie-magazin.com/schlagwort/food/""},{""url"":""https://www.gastronomie-magazin.com/schlagwort/nachhaltigkeitsprojekt/""},{""url"":""https://www.gastronomie-magazin.com/schlagwort/nachhaltigkeit/""},{""url"":""www.foodsave-bankette.ch""},{""url"":""https://www.gastronomie-magazin.com/schlagwort/schweiz/""},{""url"":""https://www.gastronomie-magazin.com/schlagwort/lebensmittelverschwendung/""},{""url"":""https://www.foodsave-bankette.ch/""},{""url"":""foodwaste.ch""},{""url"":""https://www.gastronomie-magazin.com/schlagwort/essen/""}]",https://www.gastronomie-magazin.com/wp-content/uploads/2024/08/Food-Save-Schweiz.png,,,SEARCH /  / L√§nderreputation,0,0,0,0,0,0,0,0,0,0,0,0,0,0,0,0,0,0,0,0,0,0,0,0,0,0,0,0,0,0,,,,,,0.0,0.0,ex:www.gastronomie-magazin.com-1474265615,,Redaktion,UNKNOWN,,,,,,,,,0.0,0.0,Europe,Germany,de,Berlin,Berlin,13.3978271484375,52.5228881835938,0,0,,,0,0,0,,0,0,www.gastronomie-magazin.com,544,,0
https://news.dayfr.com/nouvelles/4130076.html,,08/15/2024 18:01:51,08/15/2024 18:00:10,08/15/2024 18:02:08,"frapp√© par la foudre, le bateau ¬´ Vevey ¬ª est hors service ‚Äì .",...temp√™tes pr√©vues jusqu‚Äô√† dimanche soir en Suisse romande et en Valais. Lire aussi : Bulletin¬´ Derni√®res nouvelles ¬ª Vous...,"frapp√© par la foudre, le bateau ¬´ Vevey ¬ª est hors service ‚Äì .","‚Äì Frapp√© par la foudre, le ¬´ Vevey ¬ª est hors service Le navire √† propulsion diesel-√©lectrique a √©t√© touch√© par un incendie venu du ciel dans la nuit de mardi √† mercredi au Bouveret. Son m√¢t arri√®re est bris√©. Publi√© aujourd‚Äôhui √† 17h28 Le ¬´ Vevey ¬ª,...",https://news.dayfr.com/,http://dayfr.com/,http://news.dayfr.com/,https://news.dayfr.com/nouvelles/4130076.html,fr,0,0,"ONLINENEWS,ONLINENEWS_OTHER",TEXT,,"containsImage,hasImage,isQuestion",,,[],https://news.dayfr.com/temp/resized/medium_2024-08-15-8ccfe960b5.jpg,,,SEARCH /  / L√§nderreputation,0,0,0,0,0,0,0,0,0,0,0,0,0,0,0,0,0,0,0,0,0,0,0,108660,145243,0,0,0,0,0,,,,,,0.0,0.0,ex:news.dayfr.com-1134488271,,nouvelles,UNKNOWN,,,,,,,,,0.0,0.0,Europe,France,fr,Paris,Paris,2.3345947265625,48.8644409179688,0,115542,,,77614,115542,0,,0,0,news.dayfr.com,679,,0
http://twitter.com/dzl32dzl/status/1823967952825119016,,08/15/2024 08:21:00,08/15/2024 08:20:22,08/15/2024 08:21:15,,@FBB_Officiel @SeaShepherdFran @CaptPaulWatson @PMofDenmark @franceculture @AFP @france2 @france_soir @MarianneleMag @lemondefr @OuestFrance @Midilibre @lobs @Le_Figaro @romandie @LaStampa @Corse_Matin @courrierinter @lesoir @Charlie_Hebdo_ @libe @elpais_espana @elpais_brasil @elpais_america @timesofindia @DevCanada @XHNews @bbcafrique,,@FBB_Officiel @SeaShepherdFran @CaptPaulWatson @PMofDenmark @franceculture @AFP @france2 @france_soir @MarianneleMag @lemondefr @OuestFrance @Midilibre @lobs @Le_Figaro @romandie @LaStampa @Corse_Matin @courrierinter @lesoir @Charlie_Hebdo_ @libe @elpais_espana @elpais_brasil @elpais_america @timesofindia @DevCanada @XHNews @bbcafrique,http://twitter.com/dzl32dzl/,http://twitter.com/,http://twitter.com/,http://twitter.com/FBB_Officiel/status/1823769734422159583,fr,13,0,"SOCIALMEDIA,SOCIALMEDIA_TWITTER",TEXT,,"isComment,isTwitterReply",,,[],,,,SEARCH /  / L√§nderreputation,0,0,0,0,0,0,0,0,0,0,0,0,0,0,0,0,0,0,0,0,0,0,0,5735000064,0,0,0,149,0,0,,,,,,0.0,0.0,tw:254434983,,‚Äò,UNKNOWN,http://pbs.twimg.com/profile_images/1772219659653152768/c9kzKatU_normal.jpg,dzl32dzl,http://twitter.com/dzl32dzl/,Europe,France,fr,Paris,Paris,2.3345947265625,48.8644409179688,Europe,France,fr,Paris,Paris,2.3345947265625,48.8644409179688,0,149,,,1037070528,0,0,,0,0,‚Äò,28,,0
http://twitter.com/karimoon57/status/1825912743997665568,,08/20/2024 17:09:28,08/20/2024 17:08:16,08/20/2024 17:09:57,,"RT @MichelJeanDomi1: Le ¬´ journalisme ¬ª √† la mode suisse romande ! Sans blague, cet √©nergum√®ne est ¬´ r√©dacteur en chef ¬ª d‚Äôun quotidien v√¥doa‚Ä¶ ce qui situe le niveau pour les retardataires qui n‚Äôauraient pas encore compris. Au moins sait-on d√©sormais √† quoi il consacre ses journ√©es üòÇ Quelle dream team avec les brillantissimes Alexis et Massimo, propagandistes d‚Äô√©tat qui insultent Trump et Musk sur les r√©seaux aux frais du contribuable !",,"RT @MichelJeanDomi1: Le ¬´ journalisme ¬ª √† la mode suisse romande ! Sans blague, cet √©nergum√®ne est ¬´ r√©dacteur en chef ¬ª d‚Äôun quotidien v√¥doa‚Ä¶ ce qui situe le niveau pour les retardataires qui n‚Äôauraient pas encore compris. Au moins sait-on d√©sormais √† quoi il consacre ses journ√©es üòÇ Quelle dream team avec les brillantissimes Alexis et Massimo, propagandistes d‚Äô√©tat qui insultent Trump et Musk sur les r√©seaux aux frais du contribuable !",http://twitter.com/karimoon57/,http://twitter.com/,http://twitter.com/,http://twitter.com/MichelJeanDomi1/status/1825872325637554578,fr,0,0,"SOCIALMEDIA,SOCIALMEDIA_TWITTER",TEXT,,"isComment,isRepost",,,[],,,,SEARCH /  / L√§nderreputation,0,0,0,0,0,0,0,0,0,0,0,0,0,0,0,0,0,0,0,0,0,0,0,5735000064,0,0,0,940,0,0,Europe,France,fr,Moselle (department),Metz,6.1798095703125,49.1226196289063,tw:1471435389361610756,,KARIMOON,UNKNOWN,http://pbs.twimg.com/profile_images/1823803238207918080/pzHC4m4b_normal.jpg,karimoon57,http://twitter.com/karimoon57/,Europe,France,fr,Moselle (department),Metz,6.1798095703125,49.1226196289063,Europe,France,fr,Moselle (department),Metz,6.1798095703125,49.1226196289063,0,940,,,1037070528,0,0,le meilleur des discours est celui t√©moigne de la sinc√©rit√© de son auteur ‚úçÔ∏è et qui profite √† son auditeur üòÉ,0,0,KARIMOON,67,,0
https://tomaszowlubelski.twoje-miasto.pl/art-kraj/tour-de-pologne-drugie-zwyciestwo-i440852,,08/16/2024 01:37:58,08/15/2024 01:04:09,08/16/2024 01:38:02,Tour de Pologne - drugie zwyciƒôstwo Nysa,"...rangi World Tour. Opr√≥cz dw√≥ch sukces√≥w w Polsce wygra≈Ç po jednym etapie w Tour de Romandie i w Dooko≈Ça Szwajcarii. W klasyfikacji generalnej TdP jednak siƒô nie liczy, poniewa≈º poni√≥s≈Ç du≈ºe straty we wtorkowej je≈∫dzie indywidualnej na czas.

Za...",Tour de Pologne - drugie zwyciƒôstwo Nysa,"Tour de Pologne - drugie zwyciƒôstwo Nysa

Belg Thibau Nys z ekipy Lidl-Trek wygra≈Ç w Dusznikach-Zdroju trzeci etap wy≈õcigu kolarskiego Tour de Pologne. ≈ª√≥≈ÇtƒÖ koszulkƒô lidera zachowa≈Ç Du≈Ñczyk Jonas Vingegaard (Visma). Rafa≈Ç Majka (UAE Team Emirates) z...",https://tomaszowlubelski.twoje-miasto.pl/,http://twoje-miasto.pl/,http://tomaszowlubelski.twoje-miasto.pl/,https://tomaszowlubelski.twoje-miasto.pl/art-kraj/tour-de-pologne-drugie-zwyciestwo-i440852,pl,0,0,"BLOG,BLOG_OTHER",TEXT,https://strzelcekrajenskie.twoje-miasto.pl/art-kraj/tour-de-pologne-drugie-zwyciestwo-i440852,,,,"[{""url"":""st.twoje-miasto.pl/stat/artv/440852""},{""url"":""im.twoje-miasto.pl/theme/img/ico/pap.png""}]",,,,SEARCH /  / L√§nderreputation,0,0,0,0,0,0,0,0,0,0,0,0,0,0,0,0,0,0,0,0,0,0,0,0,0,0,0,0,0,0,,,,,,0.0,0.0,ex:tomaszowlubelski.twoje-miasto.pl-830111637,,kategoria Kraj,UNKNOWN,,,,,,,,,0.0,0.0,Europe,Poland,pl,Masovian Voivodeship,Warsaw,21.0003662109375,52.2482299804688,0,0,,,0,0,0,,0,0,tomaszowlubelski.twoje-miasto.pl,527,,0
https://opoczno.twoje-miasto.pl/art-kraj/tour-de-pologne-drugie-zwyciestwo-i440852,,08/16/2024 02:47:25,08/15/2024 00:27:23,08/16/2024 02:47:52,Tour de Pologne - drugie zwyciƒôstwo Nysa,"...rangi World Tour. Opr√≥cz dw√≥ch sukces√≥w w Polsce wygra≈Ç po jednym etapie w Tour de Romandie i w Dooko≈Ça Szwajcarii. W klasyfikacji generalnej TdP jednak siƒô nie liczy, poniewa≈º poni√≥s≈Ç du≈ºe straty we wtorkowej je≈∫dzie indywidualnej na czas.

Za...",Tour de Pologne - drugie zwyciƒôstwo Nysa,"Tour de Pologne - drugie zwyciƒôstwo Nysa

Belg Thibau Nys z ekipy Lidl-Trek wygra≈Ç w Dusznikach-Zdroju trzeci etap wy≈õcigu kolarskiego Tour de Pologne. ≈ª√≥≈ÇtƒÖ koszulkƒô lidera zachowa≈Ç Du≈Ñczyk Jonas Vingegaard (Visma). Rafa≈Ç Majka (UAE Team Emirates) z...",https://opoczno.twoje-miasto.pl/,http://twoje-miasto.pl/,http://opoczno.twoje-miasto.pl/,https://opoczno.twoje-miasto.pl/art-kraj/tour-de-pologne-drugie-zwyciestwo-i440852,pl,0,0,"BLOG,BLOG_OTHER",TEXT,https://strzelcekrajenskie.twoje-miasto.pl/art-kraj/tour-de-pologne-drugie-zwyciestwo-i440852,,,,"[{""url"":""st.twoje-miasto.pl/stat/artv/440852""},{""url"":""im.twoje-miasto.pl/theme/img/ico/pap.png""}]",,,,SEARCH /  / L√§nderreputation,0,0,0,0,0,0,0,0,0,0,0,0,0,0,0,0,0,0,0,0,0,0,0,0,0,0,0,0,0,0,,,,,,0.0,0.0,ex:opoczno.twoje-miasto.pl-830111637,,kategoria Kraj,UNKNOWN,,,,,,,,,0.0,0.0,Europe,Poland,pl,Masovian Voivodeship,Warsaw,21.0003662109375,52.2482299804688,0,0,,,0,0,0,,0,0,opoczno.twoje-miasto.pl,527,,0
https://www.rjb.ch/rjb/Actualite/Culture/Locarno-prix-du-public-pour-Klaudia-Reynicke.html,,08/17/2024 23:08:55,08/17/2024 22:44:00,08/17/2024 23:09:25,Locarno: prix du public pour Klaudia Reynicke,Le film de Klaudia Reynicke sort dans les salles de Suisse romande le 4...,Locarno: prix du public pour Klaudia Reynicke,"La r√©alisatrice helv√©tico-p√©ruvienne Klaudia Reynicke remporte le prix du public du Festival de Locarno. Entre monde r√™v√© et r√©alisme, son film 'Reinas' (Les reines) est une chronique familiale qui se d√©roule dans les ann√©es 90 √† Lima.

Le film a con...",https://www.rjb.ch/,http://rjb.ch/,http://www.rjb.ch/,https://www.rjb.ch/rjb/Actualite/Culture/Locarno-prix-du-public-pour-Klaudia-Reynicke.html,fr,0,0,"ONLINENEWS,ONLINENEWS_TVRADIO",TEXT,https://www.radiolac.ch/culture/locarno-prix-du-public-pour-klaudia-reynicke/,,,,[],,,,SEARCH /  / L√§nderreputation,0,0,0,0,0,0,0,0,0,0,0,0,0,0,0,0,0,0,0,0,0,0,0,20000,23554,0,0,0,0,0,,,,,,0.0,0.0,ex:www.rjb.ch-112938,,RJB,UNKNOWN,,,,,,,,,0.0,0.0,Europe,Switzerland,ch,Canton of Bern,Bern,7.4652099609375,46.9143676757813,0,18466,,,20000,18466,0,,0,0,www.rjb.ch,254,,0
http://twitter.com/Synsei1/status/1825844724625719802,,08/20/2024 12:39:59,08/20/2024 12:37:59,08/20/2024 12:40:21,,"RT @AlbLeVert: Sinon, comment nos conspis antivax de Suisse romande vivent-elles et ils l‚Äôannonce de l‚ÄôOMS dzu degr√© d‚Äôalerte maximal √† propos de l‚Äôapparition du dernier variant de la variole du singe, dor√©navant nomm√©e ¬´ Mpox ¬ª ? Spoiler. Mal. tourn√©e des popotes : Thread 1/n : pic.x.com/mjpeiwp0qf",,"RT @AlbLeVert: Sinon, comment nos conspis antivax de Suisse romande vivent-elles et ils l‚Äôannonce de l‚ÄôOMS dzu degr√© d‚Äôalerte maximal √† propos de l‚Äôapparition du dernier variant de la variole du singe, dor√©navant nomm√©e ¬´ Mpox ¬ª ? Spoiler. Mal. tourn√©e des popotes : Thread 1/n : https://t.co/MjpeIWp0QF",http://twitter.com/Synsei1/,http://twitter.com/,http://twitter.com/,http://twitter.com/AlbLeVert/status/1825821916566901096,fr,0,0,"SOCIALMEDIA,SOCIALMEDIA_TWITTER",IMAGE,,"hasImage,isQuestion,isComment,isRepost,containsImage",,,"[{""display_url"":""pic.x.com/mjpeiwp0qf"",""expanded_url"":""https://twitter.com/AlbLeVert/status/1825821916566901096/photo/1"",""url"":""https://t.co/MjpeIWp0QF""}]",http://pbs.twimg.com/media/GVabeaFXwAEcVby.jpg,,,SEARCH /  / L√§nderreputation,0,0,0,0,0,0,0,0,0,0,0,0,0,0,0,0,0,0,0,0,0,0,0,5735000064,0,0,0,2185,0,0,Europe,France,fr,Paris,Paris,2.3345947265625,48.8644409179688,tw:56225863,,Andr√© Nochrome,MALE,http://pbs.twimg.com/profile_images/1722981294521389056/9hDMzACe_normal.jpg,Synsei1,http://twitter.com/Synsei1/,Europe,France,fr,Paris,Paris,2.3345947265625,48.8644409179688,Europe,France,fr,Paris,Paris,2.3345947265625,48.8644409179688,0,2185,,,1037070528,0,0,"üá´üá∑ üá∫üá¶ #NAFO See a fella? Follow a fella. 
Soundcloud https://t.co/IlU1xqLfla
Insta https://t.co/Ff17cunkse  
üü¶ @pierreakasyn",0,0,Andr√© Nochrome,45,,0
https://www.tdg.ch/suisse/suisse-romande/2024/08/05,,08/20/2024 21:29:55,08/20/2024 16:36:18,08/20/2024 21:30:01,Suisse Romande | Tribune de Gen√®ve,"AboSant√© infantileIl faut prot√©ger les b√©b√©s de la hausse des cas de coqueluche

La France augmente la fr√©quence de la...",Suisse Romande | Tribune de Gen√®ve,"AboSant√© infantileIl faut prot√©ger les b√©b√©s de la hausse des cas de coqueluche

La France augmente la fr√©quence de la vaccination. Sans aller si loin, la Suisse rappelle l‚Äôimportance du vaccin pour les femmes enceintes et l‚Äôentourage des b√©b√©s.",https://www.tdg.ch/,http://tdg.ch/,http://www.tdg.ch/,https://www.tdg.ch/suisse/suisse-romande/2024/08/05,fr,0,0,"ONLINENEWS,ONLINENEWS_NEWSPAPER",TEXT,,,,,[],,,,SEARCH /  / L√§nderreputation,0,0,0,0,0,0,0,0,0,0,0,0,0,0,0,0,0,0,0,0,0,0,0,380000,2553647,0,0,0,0,0,,,,,,0.0,0.0,ex:www.tdg.ch-103334730,,LUNDI,UNKNOWN,,,,,,,,,0.0,0.0,Europe,Switzerland,ch,Canton of Bern,Bern,7.4652099609375,46.9143676757813,0,876285,,,316666,876285,0,,0,0,www.tdg.ch,39,,0
http://twitter.com/MikhailUC/status/1824668885150212293,,08/17/2024 06:46:18,08/17/2024 06:45:37,08/17/2024 06:46:42,,"En Zurich, Suiza, el 17 de agosto de 1946 se estrena la Sinfon√≠a No. 3, tambi√©n conocida como 'Symphonie Liturgique', de Arthur Honegger. La partitura fue dedicada a Charles Munch, quien dirigi√≥ la obra ante la Orchestre de la Suisse Romande. pic.x.com/moii7vko8a",,"En Zurich, Suiza, el 17 de agosto de 1946 se estrena la Sinfon√≠a No. 3, tambi√©n conocida como 'Symphonie Liturgique', de Arthur Honegger. La partitura fue dedicada a Charles Munch, quien dirigi√≥ la obra ante la Orchestre de la Suisse Romande. https://t.co/MOiI7VKO8a",http://twitter.com/MikhailUC/,http://twitter.com/,http://twitter.com/,http://twitter.com/MikhailUC/status/1824668885150212293,es,0,0,"SOCIALMEDIA,SOCIALMEDIA_TWITTER",IMAGE,,"containsImage,hasImage",,,"[{""display_url"":""pic.x.com/moii7vko8a"",""expanded_url"":""https://twitter.com/MikhailUC/status/1824668885150212293/photo/1"",""url"":""https://t.co/MOiI7VKO8a""}]",http://pbs.twimg.com/media/GVKFeJLWEAAfZH6.png,,,SEARCH /  / L√§nderreputation,0,0,0,0,0,0,0,0,1,0,0,0,0,0,0,0,0,0,0,2,51,0,0,5735000064,0,0,0,3642,0,0,,,,,,0.0,0.0,tw:875815609,,Miguel Urbaneja C.,MALE,http://pbs.twimg.com/profile_images/638159284384198656/O8o59mQw_normal.jpg,MikhailUC,http://twitter.com/MikhailUC/,South America,Colombia,co,Bogota,Bogot√°,-74.0863037109375,4.59503173828125,South America,Colombia,co,Bogota,Bogot√°,-74.0863037109375,4.59503173828125,4,3642,,,1037070528,0,1,"1990. Neo-escritor, mel√≥mano, lector incansable y comprador compulsivo de libros. Postgrado en Lit. Latinoamericana,  USB.
Cocinero mel√≥mano de @adagiocucina.",0,0,Miguel Urbaneja C.,42,,0
https://eventfrog.ch/fr/p/concert/jazz-blues/white-cello-7221159106106589371.html,,08/19/2024 23:10:54,08/19/2024 23:10:24,08/19/2024 23:11:06,"White Cello √† adliswil | Concerts, Concerts de jazz et de blues","...Bundesstadt. Dann jedoch zog es sie in die Romandie, in die Musikhochschule Lausanne. Und: ‚ÄûNon, elle ne regrette rien!‚Äú ... Bundesstadt. Dann jedoch zog es sie in die Romandie, in die Musikhochschule Lausanne. Und: ‚ÄûNon, elle ne regrette rien!‚Äú...","White Cello √† adliswil | Concerts, Concerts de jazz et de blues","Die Schweizer Cellistin Liz Schneider Auf der Suche nach neuen Ausdrucksm√∂glichkeiten entdeckte die attraktive Profi Cellistin Liz aktuelle Musikstr√∂mungen wie Chillout, Ambient und Smooth Jazz. Ausserdem l√§sst sie sich von Kl√§ngen aus aller Welt ins...",https://eventfrog.ch/,http://eventfrog.ch/,http://eventfrog.ch/,https://eventfrog.ch/fr/p/concert/jazz-blues/white-cello-7221159106106589371.html,de,0,5,"ONLINENEWS,ONLINENEWS_OTHER",TEXT,,"containsImage,hasImage",,,[],https://eventfrog.ch/upload/rm/17/21/1721658493044-83d444c3938243c1a738d84e59939bf13812.png,,,SEARCH /  / L√§nderreputation,0,0,0,0,0,0,0,0,0,0,0,0,0,0,0,0,0,0,0,0,0,0,0,310000,703383,0,0,0,0,0,,,,,,0.0,0.0,ex:eventfrog.ch-0,,,UNKNOWN,,,,,,,,,0.0,0.0,Europe,Switzerland,ch,Canton of Bern,Bern,7.4652099609375,46.9143676757813,0,336847,,,119230,336847,0,,0,0,eventfrog.ch,433,,0
https://www.watson.ch/fr/suisse/commentaire/996513106-pourquoi-il-ne-faut-pas-quitter-x-reponse-a-alexis-favre,,08/16/2024 17:09:54,08/16/2024 16:51:00,08/16/2024 17:10:05,Pourquoi il ne faut pas quitter X: r√©ponse √† Alexis Favre,"...68 de 2024.

La tentation est l√†, en Suisse romande, de fuir une r√©alit√© anxiog√®ne au pr√©texte qu‚Äôelle ne serait pas...",Pourquoi il ne faut pas quitter X: r√©ponse √† Alexis Favre,"Commentaire

Pourquoi il ne faut pas quitter X: r√©ponse √† Alexis Favre

Notre confr√®re de la RTS Alexis Favre a d√©cid√© de claquer la porte du r√©seau social d'Elon Musk. Mauvaise id√©e. La politique de la chaise vide n'est pas la bonne.

16.08.2024, 16...",https://www.watson.ch/,http://watson.ch/,http://www.watson.ch/,https://www.watson.ch/fr/suisse/commentaire/996513106-pourquoi-il-ne-faut-pas-quitter-x-reponse-a-alexis-favre,fr,0,-5,"ONLINENEWS,ONLINENEWS_OTHER",TEXT,,"containsImage,hasImage,isQuestion",,,"[{""url"":""https://x.com/share?url=https%3A%2F%2Fwww.watson.ch%2Ffr%2F!996513106&amp;text=Pourquoi%20il%20ne%20faut%20pas%20quitter%20X%3A%20r%C3%A9ponse%20%C3%A0%20Alexis%20Favre&amp;via=WatsonActu""},{""url"":""2Fplay.google.com""},{""url"":""2Fwww.facebook.com""},{""url"":""2Fitunes.apple.com""},{""url"":""https://www.watson.ch/fr/suisse/montagne/870275155-deux-alpinistes-ont-fait-une-chute-mortelle-au-cervin""},{""url"":""https://news.google.com/publications/CAAqBwgKML3Qpwswqtu_Aw""},{""url"":""https://www.facebook.com/sharer/sharer.php?u=https%3A%2F%2Fwww.watson.ch%2Ffr%2F!996513106""},{""url"":""2Fwww.watson.ch""},{""url"":""0Awatson.ch""}]","https://www.watson.ch/fr/imgdb/a09a/Z1200,675/4812253152167681",,,SEARCH /  / L√§nderreputation,1,1,1,0,0,0,0,0,0,0,0,0,0,0,0,0,0,4,0,0,0,0,8,5310000,16633276,0,0,0,0,0,,,,,,0.0,0.0,ex:www.watson.ch-194920596,,antoine menusier suivez-moi,MALE,,,,,,,,,0.0,0.0,Europe,Switzerland,ch,Canton of Z√ºrich,Z√ºrich,8.5528564453125,47.3812866210938,14,2816436,,,1517142,2816436,0,,0,0,www.watson.ch,862,,0
https://360.ch/culture/cinema/80215-emilia-perez-thriller-musical-et-bombe-queer/,,08/18/2024 21:54:54,08/18/2024 20:47:34,08/18/2024 21:55:17,"Emilia Perez, thriller musical et bombe queer! ‚Äì 360¬∞",Sortie le mercredi 21 ao√ªt dans les salles de Suisse romande.,"Emilia Perez, thriller musical et bombe queer! ‚Äì 360¬∞","Jacques Audiard, prix du jury √† Cannes, propose une com√©die humaniste tir√©e d‚Äôune trag√©die o√π tout est en constante mutation. Emilia Perez est notamment port√© par la magnifique actrice trans Karla Sofia Gasc√≥n, elle aussi prim√©e en mai. Une r√©v√©latio...",https://360.ch/,http://360.ch/,http://360.ch/,https://360.ch/culture/cinema/80215-emilia-perez-thriller-musical-et-bombe-queer/,fr,1,0,"ONLINENEWS,ONLINENEWS_MAGAZINE",TEXT,,"containsVideo,isQuestion",,,"[{""url"":""https://360.ch/culture/74647-memoire-du-mouvement/""},{""url"":""https://360.ch/wp-content/uploads/2024/08/emilia_perez2.webp""},{""url"":""https://www.youtube.com/embed/VXksEL_1Dfg?feature=oembed""},{""url"":""https://360.ch/wp-content/uploads/2024/08/emilia-perez-tournage-jacques-audiard.webp""}]",,http://www.youtube.com/watch?v=VXksEL_1Dfg,,SEARCH /  / L√§nderreputation,0,0,0,0,0,0,0,0,0,0,0,0,0,0,0,0,0,0,0,0,0,0,0,10000,11483,0,0,0,0,0,,,,,,0.0,0.0,ex:360.ch-1882152507,,edm√©e cuttat,FEMALE,,,,,,,,,0.0,0.0,Europe,Switzerland,ch,Canton of Bern,Bern,7.4652099609375,46.9143676757813,0,10987,,,10000,10987,0,,0,0,360.ch,1232,,0
http://twitter.com/Noel24pere/status/1825226366377201877,,08/18/2024 19:41:17,08/18/2024 19:40:51,08/18/2024 19:41:43,,@Julien_Am_off x.com/20minutesOnlin‚Ä¶ QT @20minutesOnline: Suisse romande: l'√©cole inclusive suscite l'insatisfaction https://t.co/u3Cm29WZSS,,@Julien_Am_off https://t.co/wzp2jFmwJo QT @20minutesOnline: Suisse romande: l'√©cole inclusive suscite l'insatisfaction https://t.co/u3Cm29WZSS,http://twitter.com/Noel24pere/,http://twitter.com/,http://twitter.com/,http://twitter.com/Julien_Am_off/status/1563977638649253888,fr,15,-5,"SOCIALMEDIA,SOCIALMEDIA_TWITTER",LINK,,"isComment,isTwitterReply",,,"[{""display_url"":""x.com/20minutesOnlin‚Ä¶"",""expanded_url"":""https://x.com/20minutesOnline/status/1824681788771336548?t=Ug_7d5ZbVtDvz3ZYUnefuQ&s=19"",""url"":""https://t.co/wzp2jFmwJo""},{""display_url"":""x.com/20minutesOnlin‚Ä¶"",""expanded_url"":""https://x.com/20minutesOnline/status/1824681788771336548?t=Ug_7d5ZbVtDvz3ZYUnefuQ&s=19"",""url"":""https://t.co/wzp2jFmwJo""}]",,,,SEARCH /  / L√§nderreputation,0,0,0,0,0,0,0,0,0,0,0,0,0,0,0,0,0,0,0,0,0,0,0,5735000064,0,0,0,414,0,0,Europe,Switzerland,ch,Canton of Bern,Bern,7.4652099609375,46.9143676757813,tw:1511241682494312453,,P√®re No√´l,MALE,http://pbs.twimg.com/profile_images/1802211095601393664/BKiLtbvg_normal.jpg,Noel24pere,http://twitter.com/Noel24pere/,Europe,France,fr,Paris,Paris,2.3345947265625,48.8644409179688,Europe,France,fr,Paris,Paris,2.3345947265625,48.8644409179688,0,414,,,1037070528,0,0,"Ne laissez jamais personne vous dicter ce que vous devez penser. N√©e sous le communisme, grandi sous le communisme, pas question de mourir sous le communisme.",0,0,P√®re No√´l,11,,0
http://twitter.com/srfnews/status/1826251487640744312,,08/21/2024 15:34:40,08/21/2024 15:34:19,08/21/2024 15:34:52,,Trotz R√∂stigraben: Erfolgreiche Projekte aus der Deutschschweiz finden oft den Weg in die Romandie ‚Äì und umgekehrt. Freiburg spielt dabei eine zentrale Rolle.srf.ch/news/schweiz/i‚Ä¶,,Trotz R√∂stigraben: Erfolgreiche Projekte aus der Deutschschweiz finden oft den Weg in die Romandie ‚Äì und umgekehrt. Freiburg spielt dabei eine zentrale Rolle.https://t.co/zMcVxDaJmj,http://twitter.com/srfnews/,http://twitter.com/,http://twitter.com/,http://twitter.com/srfnews/status/1826251487640744312,de,0,5,"SOCIALMEDIA,SOCIALMEDIA_TWITTER",LINK,,,,,"[{""display_url"":""srf.ch/news/schweiz/i‚Ä¶"",""expanded_url"":""https://www.srf.ch/news/schweiz/ideenwettbewerb-in-der-schweiz-wie-sich-schweizer-ideen-ueber-den-roestigraben-hinweg-verbreiten"",""url"":""https://t.co/zMcVxDaJmj""}]",,,,SEARCH /  / L√§nderreputation,0,0,0,0,0,0,0,0,0,0,0,0,0,0,0,0,0,0,0,0,804,0,0,5735000064,0,0,0,455868,0,0,Europe,Switzerland,ch,Canton of Bern,Bern,7.4652099609375,46.9143676757813,tw:17864468,,SRF News,UNKNOWN,http://pbs.twimg.com/profile_images/990930075070713856/qRueTsv9_normal.jpg,srfnews,http://twitter.com/srfnews/,Europe,Switzerland,ch,Canton of Bern,Bern,7.4652099609375,46.9143676757813,Europe,Switzerland,ch,Canton of Bern,Bern,7.4652099609375,46.9143676757813,3,455868,,,1037070528,0,3,"SRF News liefert Aktualit√§ten aus den Bereichen Politik, Wirtschaft, Kultur, Sport, Gesellschaft und Wissenschaft ‚Äì mit Blick auf die Schweiz und die Welt.",0,0,SRF News,23,,0
http://twitter.com/Superdiabolo777/status/1825837131501088907,,08/20/2024 12:08:09,08/20/2024 12:07:49,08/20/2024 12:08:39,,"RT @AlbLeVert: Sinon, comment nos conspis antivax de Suisse romande vivent-elles et ils l‚Äôannonce de l‚ÄôOMS dzu degr√© d‚Äôalerte maximal √† propos de l‚Äôapparition du dernier variant de la variole du singe, dor√©navant nomm√©e ¬´ Mpox ¬ª ? Spoiler. Mal. tourn√©e des popotes : Thread 1/n : pic.x.com/mjpeiwp0qf",,"RT @AlbLeVert: Sinon, comment nos conspis antivax de Suisse romande vivent-elles et ils l‚Äôannonce de l‚ÄôOMS dzu degr√© d‚Äôalerte maximal √† propos de l‚Äôapparition du dernier variant de la variole du singe, dor√©navant nomm√©e ¬´ Mpox ¬ª ? Spoiler. Mal. tourn√©e des popotes : Thread 1/n : https://t.co/MjpeIWp0QF",http://twitter.com/Superdiabolo777/,http://twitter.com/,http://twitter.com/,http://twitter.com/AlbLeVert/status/1825821916566901096,fr,0,0,"SOCIALMEDIA,SOCIALMEDIA_TWITTER",IMAGE,,"hasImage,isQuestion,isComment,isRepost,containsImage",,,"[{""display_url"":""pic.x.com/mjpeiwp0qf"",""expanded_url"":""https://twitter.com/AlbLeVert/status/1825821916566901096/photo/1"",""url"":""https://t.co/MjpeIWp0QF""}]",http://pbs.twimg.com/media/GVabeaFXwAEcVby.jpg,,,SEARCH /  / L√§nderreputation,0,0,0,0,0,0,0,0,0,0,0,0,0,0,0,0,0,0,0,0,0,0,0,5735000064,0,0,0,1849,0,0,,,,,,0.0,0.0,tw:1461973937504624645,,DIABOLO üê∂üá´üá∑üá™üá∫üá∫üá¶üê∂,UNKNOWN,http://pbs.twimg.com/profile_images/1541498950498324480/lGWO7_4U_normal.jpg,Superdiabolo777,http://twitter.com/Superdiabolo777/,Europe,France,fr,Paris,Paris,2.3345947265625,48.8644409179688,Europe,France,fr,Paris,Paris,2.3345947265625,48.8644409179688,0,1849,,,1037070528,0,0,"Pro science. Technophile. Amuseur public avec un certain go√ªt du ridicule.
La d√©mocratie se fait avec des d√©mocrates, les autres en prison et vite !",0,0,DIABOLO üê∂üá´üá∑üá™üá∫üá∫üá¶üê∂,45,,0
https://www.rts.ch/info/culture/2024/article/le-projet-sounding-soil-en-balade-en-suisse-romande-a-l-ecoute-des-bruits-de-la-terre-28597659.html,,08/17/2024 09:26:59,08/17/2024 09:19:01,08/17/2024 09:27:15,"Le projet ""Sounding Soil"", en balade en Suisse romande √† l'√©coute des bruits de la terre","...exposition itin√©rante. Elle passera par la Suisse romande en s'arr√™tant √† Gen√®ve, Lausanne, Saignel√©gier et...","Le projet ""Sounding Soil"", en balade en Suisse romande √† l'√©coute des bruits de la terre","Collaboration entre l'Universit√© de Zurich, la fondation Biovision et l'artiste Marcus Maeder, ""Sounding Soil"" donne la parole aux organismes pr√©sents dans les sols de Suisse. Le projet prend la forme d'une exposition itin√©rante √† d√©couvrir √† Gen√®ve,...",https://www.rts.ch/,http://rts.ch/,http://www.rts.ch/,https://www.rts.ch/info/culture/2024/article/le-projet-sounding-soil-en-balade-en-suisse-romande-a-l-ecoute-des-bruits-de-la-terre-28597659.html,fr,0,0,"ONLINENEWS,ONLINENEWS_OTHER",TEXT,,"containsImage,hasImage,isQuestion",,,[],https://img.rts.ch/articles/2022/image/s968wb-25909815.image,,,SEARCH /  / L√§nderreputation,0,0,0,0,0,0,0,0,0,0,0,0,0,0,0,0,0,1,0,0,0,0,0,3060000,16219768,0,0,0,0,0,,,,,,0.0,0.0,ex:www.rts.ch-1462411452,,sujet radio huma khamis,FEMALE,,,,,,,,,0.0,0.0,Europe,Switzerland,ch,Canton of Bern,Bern,7.4652099609375,46.9143676757813,1,3506550,,,1275000,3506550,0,,0,0,www.rts.ch,440,,0
http://twitter.com/Aeto_Mora/status/1825848904782422351,,08/20/2024 12:55:19,08/20/2024 12:54:36,08/20/2024 12:55:26,,"RT @AlbLeVert: Sinon, comment nos conspis antivax de Suisse romande vivent-elles et ils l‚Äôannonce de l‚ÄôOMS dzu degr√© d‚Äôalerte maximal √† propos de l‚Äôapparition du dernier variant de la variole du singe, dor√©navant nomm√©e ¬´ Mpox ¬ª ? Spoiler. Mal. tourn√©e des popotes : Thread 1/n : pic.x.com/mjpeiwp0qf",,"RT @AlbLeVert: Sinon, comment nos conspis antivax de Suisse romande vivent-elles et ils l‚Äôannonce de l‚ÄôOMS dzu degr√© d‚Äôalerte maximal √† propos de l‚Äôapparition du dernier variant de la variole du singe, dor√©navant nomm√©e ¬´ Mpox ¬ª ? Spoiler. Mal. tourn√©e des popotes : Thread 1/n : https://t.co/MjpeIWp0QF",http://twitter.com/Aeto_Mora/,http://twitter.com/,http://twitter.com/,http://twitter.com/AlbLeVert/status/1825821916566901096,fr,0,0,"SOCIALMEDIA,SOCIALMEDIA_TWITTER",IMAGE,,"hasImage,isQuestion,isComment,isRepost,containsImage",,,"[{""display_url"":""pic.x.com/mjpeiwp0qf"",""expanded_url"":""https://twitter.com/AlbLeVert/status/1825821916566901096/photo/1"",""url"":""https://t.co/MjpeIWp0QF""}]",http://pbs.twimg.com/media/GVabeaFXwAEcVby.jpg,,,SEARCH /  / L√§nderreputation,0,0,0,0,0,0,0,0,0,0,0,0,0,0,0,0,0,0,0,0,0,0,0,5735000064,0,0,0,68,0,0,Europe,France,fr,Paris,Paris,2.3345947265625,48.8644409179688,tw:1001153883668926464,,Aeto,UNKNOWN,http://pbs.twimg.com/profile_images/1555956903531921409/JeqlA7CZ_normal.jpg,Aeto_Mora,http://twitter.com/Aeto_Mora/,Europe,France,fr,Paris,Paris,2.3345947265625,48.8644409179688,Europe,France,fr,Paris,Paris,2.3345947265625,48.8644409179688,0,68,,,1037070528,0,0,√©tudiant.,0,0,Aeto,45,,0
https://www.livesoccertv.com/channels/rts-deux/,,08/21/2024 16:53:14,08/21/2024 12:49:58,08/21/2024 16:53:22,"Rts 2 Tv Schedule | Broadcast Rights, Cable & Satellite Providers","...available in Switzerland. The channel which is owned and operated by TSR - T√©l√©vision Suisse Romande offers a wide variety of programming including cultural shows, sports and informatiion shows. RTS Deux's sister channel is RTS...","Rts 2 Tv Schedule | Broadcast Rights, Cable & Satellite Providers","About

RTS 2 History, Coverage, Features

RTS Deux is a public television channel available in Switzerland. The channel which is owned and operated by TSR - T√©l√©vision Suisse Romande offers a wide variety of programming including cultural shows, spor...",https://www.livesoccertv.com/,http://livesoccertv.com/,http://www.livesoccertv.com/,https://www.livesoccertv.com/channels/rts-deux/,en,0,0,"BLOG,BLOG_OTHER",TEXT,,"containsImage,hasImage",,,[],https://cdn.livesoccertv.com/images/channels/thumbnails/rts-deux.png,,,SEARCH /  / L√§nderreputation,0,0,0,0,0,0,0,0,0,0,0,0,0,0,0,0,0,0,0,0,0,0,0,6690000,12731692,0,0,0,0,0,,,,,,0.0,0.0,ex:www.livesoccertv.com-0,,,UNKNOWN,,,,,,,,,0.0,0.0,North America,United States,us,"Washington, D.C.","Washington, D.C.",-77.0086669921875,38.8998413085938,0,7385111,,,2573077,7385111,0,,0,0,www.livesoccertv.com,48,,0
http://twitter.com/BramDesmetKoers/status/1824860055117689167,,08/17/2024 19:25:36,08/17/2024 19:25:16,08/17/2024 19:25:47,,RT @cycloben2: Le Tour Femmes '24 is Justine Ghekiere's 7th stage race in pro career. Her QOM results are already legendary: - Th√ºringen '22: 1 - Valenciana '23: 1 - Burgos '23: 12 - Romandie '23: 14 - Catalunya '24: 1 - Giro Donne '24: 1 - Tour Femmes '24: 1 (provisionally) #TDFF2024 pic.x.com/yefsugnndp,,RT @cycloben2: Le Tour Femmes '24 is Justine Ghekiere's 7th stage race in pro career. Her QOM results are already legendary: - Th√ºringen '22: 1 - Valenciana '23: 1 - Burgos '23: 12 - Romandie '23: 14 - Catalunya '24: 1 - Giro Donne '24: 1 - Tour Femmes '24: 1 (provisionally) #TDFF2024 https://t.co/YEfsUgnndp,http://twitter.com/BramDesmetKoers/,http://twitter.com/,http://twitter.com/,http://twitter.com/cycloben2/status/1824798291462349204,en,0,5,"SOCIALMEDIA,SOCIALMEDIA_TWITTER",IMAGE,,"hasImage,isComment,isRepost,containsImage",,,"[{""display_url"":""pic.x.com/yefsugnndp"",""expanded_url"":""https://twitter.com/cycloben2/status/1824798291462349204/photo/1"",""url"":""https://t.co/YEfsUgnndp""}]",http://pbs.twimg.com/media/GVL6846XUAAzAu2.jpg,,,SEARCH /  / L√§nderreputation,0,0,0,0,0,0,0,0,0,0,0,0,0,0,0,0,0,0,0,0,0,0,0,5735000064,0,0,0,85,0,0,Europe,Hungary,hu,Budapest,Budapest,19.0887451171875,47.5021362304688,tw:982955509941719040,,BramDesmet,UNKNOWN,http://pbs.twimg.com/profile_images/1075108703236427776/oLJsD2yN_normal.jpg,BramDesmetKoers,http://twitter.com/BramDesmetKoers/,Europe,Netherlands,nl,North Holland,Amsterdam,4.9163818359375,52.3526000976563,Europe,Netherlands,nl,North Holland,Amsterdam,4.9163818359375,52.3526000976563,0,85,,,1037070528,0,0,üö≤,0,0,BramDesmet,47,,0
http://twitter.com/FluckIlse/status/1824830212019761414,,08/17/2024 17:27:36,08/17/2024 17:26:40,08/17/2024 17:27:43,,RT @cycloben2: Le Tour Femmes '24 is Justine Ghekiere's 7th stage race in pro career. Her QOM results are already legendary: - Th√ºringen '22: 1 - Valenciana '23: 1 - Burgos '23: 12 - Romandie '23: 14 - Catalunya '24: 1 - Giro Donne '24: 1 - Tour Femmes '24: 1 (provisionally) #TDFF2024 pic.x.com/yefsugnndp,,RT @cycloben2: Le Tour Femmes '24 is Justine Ghekiere's 7th stage race in pro career. Her QOM results are already legendary: - Th√ºringen '22: 1 - Valenciana '23: 1 - Burgos '23: 12 - Romandie '23: 14 - Catalunya '24: 1 - Giro Donne '24: 1 - Tour Femmes '24: 1 (provisionally) #TDFF2024 https://t.co/YEfsUgnndp,http://twitter.com/FluckIlse/,http://twitter.com/,http://twitter.com/,http://twitter.com/cycloben2/status/1824798291462349204,en,0,5,"SOCIALMEDIA,SOCIALMEDIA_TWITTER",IMAGE,,"hasImage,isComment,isRepost,containsImage",,,"[{""display_url"":""pic.x.com/yefsugnndp"",""expanded_url"":""https://twitter.com/cycloben2/status/1824798291462349204/photo/1"",""url"":""https://t.co/YEfsUgnndp""}]",http://pbs.twimg.com/media/GVL6846XUAAzAu2.jpg,,,SEARCH /  / L√§nderreputation,0,0,0,0,0,0,0,0,0,0,0,0,0,0,0,0,0,0,0,0,0,0,0,5735000064,0,0,0,785,0,0,Europe,Hungary,hu,Budapest,Budapest,19.0887451171875,47.5021362304688,tw:1575913141032173589,,Ilse Fl√ºck,FEMALE,http://pbs.twimg.com/profile_images/1764991502214643712/SqNz6U2E_normal.jpg,FluckIlse,http://twitter.com/FluckIlse/,Europe,France,fr,Paris,Paris,2.3345947265625,48.8644409179688,Europe,France,fr,Paris,Paris,2.3345947265625,48.8644409179688,0,785,,,1037070528,0,0,,0,0,Ilse Fl√ºck,47,,0
http://twitter.com/Mazarbul1/status/1824779383262880179,,08/17/2024 14:05:28,08/17/2024 14:04:42,08/17/2024 14:05:51,,"RT @MikhailUC: En Zurich, Suiza, el 17 de agosto de 1946 se estrena la Sinfon√≠a No. 3, tambi√©n conocida como 'Symphonie Liturgique', de Arthur Honegger. La partitura fue dedicada a Charles Munch, quien dirigi√≥ la obra ante la Orchestre de la Suisse Romande. pic.x.com/moii7vko8a",,"RT @MikhailUC: En Zurich, Suiza, el 17 de agosto de 1946 se estrena la Sinfon√≠a No. 3, tambi√©n conocida como 'Symphonie Liturgique', de Arthur Honegger. La partitura fue dedicada a Charles Munch, quien dirigi√≥ la obra ante la Orchestre de la Suisse Romande. https://t.co/MOiI7VKO8a",http://twitter.com/Mazarbul1/,http://twitter.com/,http://twitter.com/,http://twitter.com/MikhailUC/status/1824668885150212293,es,0,0,"SOCIALMEDIA,SOCIALMEDIA_TWITTER",IMAGE,,"hasImage,isComment,isRepost,containsImage",,,"[{""display_url"":""pic.x.com/moii7vko8a"",""expanded_url"":""https://twitter.com/MikhailUC/status/1824668885150212293/photo/1"",""url"":""https://t.co/MOiI7VKO8a""}]",http://pbs.twimg.com/media/GVKFeJLWEAAfZH6.png,,,SEARCH /  / L√§nderreputation,0,0,0,0,0,0,0,0,0,0,0,0,0,0,0,0,0,0,0,0,0,0,0,5735000064,0,0,0,2740,0,0,Europe,Spain,es,Catalonia,Santa Coloma de Gramenet,2.2137451171875,41.4651489257813,tw:905865076896395265,,Mazarbul üìöüéµüç´,MALE,http://pbs.twimg.com/profile_images/906554084102156290/pxtezLsj_normal.jpg,Mazarbul1,http://twitter.com/Mazarbul1/,Europe,Spain,es,Catalonia,Santa Coloma de Gramenet,2.2137451171875,41.4651489257813,Europe,Spain,es,Catalonia,Santa Coloma de Gramenet,2.2137451171875,41.4651489257813,0,2740,,,1037070528,0,0,"Quiero vivir de los libros pero no me dejan.
Pasi√≥n por  üìöüéµüç´. Farmac√©utico. Gdo en Estudios Literarios. Posgdo librer√≠a.",0,0,Mazarbul üìöüéµüç´,44,,0
https://www.sunshine.ch/news/sport/fussball-volksfeste-zum-schweizer-cup-jubilaeum-158469292,,08/16/2024 05:08:26,08/16/2024 04:45:40,08/16/2024 05:08:30,Fussball-Volksfeste zum Schweizer Cup-Jubil√§um,"...Grasshoppers respektive dem FC Basel.

In der Romandie zogen der FC Bernex-Confignon (2. Liga interregional) mit...",Fussball-Volksfeste zum Schweizer Cup-Jubil√§um,"Fussball-Volksfeste zum Schweizer Cup-Jubil√§um

Schweizer Cup

Fussball-Volksfeste zum Schweizer Cup-Jubil√§um

16. August 2024, 04:45 Uhr

In der 1. Hauptrunde des Schweizer Cups warten die Superligisten wieder bei den Amateurklubs auf - im Bild Base...",https://www.sunshine.ch/,http://sunshine.ch/,http://www.sunshine.ch/,https://www.sunshine.ch/news/sport/fussball-volksfeste-zum-schweizer-cup-jubilaeum-158469292,de,0,0,"ONLINENEWS,ONLINENEWS_TVRADIO",TEXT,https://www.sunshine.ch/news/sport/fussball-volksfeste-zum-schweizer-cup-jubilaeum-158469292,"containsImage,hasImage,isClusterMainDoc",,,"[{""url"":""2Fwww.sunshine.ch""},{""url"":""https://www.facebook.com/sharer.php?u=https%3A%2F%2Fwww.sunshine.ch%2Fnews%2Fsport%2Ffussball-volksfeste-zum-schweizer-cup-jubilaeum-158469292%3Futm_source%3Dshared-facebook%26utm_medium%3Dshared%26utm_campaign%3DSocial%2520Media""}]",https://static.az-cdn.ch/__ip/7s4fLEorc3AGfOtUXjWZkr9fu-o/b8b840b13878119637220af98ffe4568d4e5b0ca/n-large2x-16x9-far,,,SEARCH /  / L√§nderreputation,0,0,0,0,0,0,0,0,0,0,0,0,0,0,0,0,0,0,0,0,0,0,0,10000,10595,0,0,0,0,0,,,,,,0.0,0.0,ex:www.sunshine.ch-1981566549,,keystone/peter klaunzer,MALE,,,,,,,,,0.0,0.0,Europe,Switzerland,ch,Canton of Bern,Bern,7.4652099609375,46.9143676757813,0,9686,,,10000,9686,0,,0,0,www.sunshine.ch,277,,0
https://www.evenement.ch/index.php/articles/la-guerre-dindependance-camera-au-poing,,08/16/2024 13:43:57,08/16/2024 11:45:34,08/16/2024 13:44:24,"La guerre d‚Äôind√©pendance, cam√©ra au poing","...Cannes en 2023 et dans quelques salles de Suisse romande au printemps 2024, sera projet√© ce week-end lors du festival...","La guerre d‚Äôind√©pendance, cam√©ra au poing","Il repr√©sente un pan d‚Äôhistoire √† lui tout seul. Sana Na N‚Äôhada est n√© en 1950, sous le joug de la dictature portugaise de Salazar, dans un village de Guin√©e-Bissau, petit pays d‚ÄôAfrique de l‚ÄôOuest. Le jeune Sana n‚Äôa que 13 ans lorsque la guerre d‚Äôin...",https://www.evenement.ch/,http://evenement.ch/,http://www.evenement.ch/,https://www.evenement.ch/index.php/articles/la-guerre-dindependance-camera-au-poing,fr,0,0,"ONLINENEWS,ONLINENEWS_OTHER",TEXT,,"containsImage,hasImage,isQuestion",,,"[{""url"":""https://www.cine-afrique.ch/""},{""url"":""cine-afrique.ch""}]",https://www.evenement.ch/sites/default/files/images/web-nom-still-4.jpg,,,SEARCH /  / L√§nderreputation,0,0,0,0,0,0,0,0,0,0,0,0,0,0,0,0,0,0,0,0,0,0,0,0,6198,0,0,0,0,0,,,,,,0.0,0.0,ex:www.evenement.ch-424435174,,aline andrey,FEMALE,,,,,,,,,0.0,0.0,Europe,Switzerland,ch,Vaud,Lausanne,6.6522216796875,46.5298461914063,0,4985,,,0,4985,0,,0,0,www.evenement.ch,1277,,0
https://tychy.twoje-miasto.pl/art-kraj/tour-de-pologne-drugie-zwyciestwo-i440852,,08/16/2024 01:11:38,08/15/2024 00:19:35,08/16/2024 01:11:54,Tour de Pologne - drugie zwyciƒôstwo Nysa,"...rangi World Tour. Opr√≥cz dw√≥ch sukces√≥w w Polsce wygra≈Ç po jednym etapie w Tour de Romandie i w Dooko≈Ça Szwajcarii. W klasyfikacji generalnej TdP jednak siƒô nie liczy, poniewa≈º poni√≥s≈Ç du≈ºe straty we wtorkowej je≈∫dzie indywidualnej na czas.

Za...",Tour de Pologne - drugie zwyciƒôstwo Nysa,"Tour de Pologne - drugie zwyciƒôstwo Nysa

Belg Thibau Nys z ekipy Lidl-Trek wygra≈Ç w Dusznikach-Zdroju trzeci etap wy≈õcigu kolarskiego Tour de Pologne. ≈ª√≥≈ÇtƒÖ koszulkƒô lidera zachowa≈Ç Du≈Ñczyk Jonas Vingegaard (Visma). Rafa≈Ç Majka (UAE Team Emirates) z...",https://tychy.twoje-miasto.pl/,http://twoje-miasto.pl/,http://tychy.twoje-miasto.pl/,https://tychy.twoje-miasto.pl/art-kraj/tour-de-pologne-drugie-zwyciestwo-i440852,pl,0,0,"BLOG,BLOG_OTHER",TEXT,https://strzelcekrajenskie.twoje-miasto.pl/art-kraj/tour-de-pologne-drugie-zwyciestwo-i440852,,,,"[{""url"":""st.twoje-miasto.pl/stat/artv/440852""},{""url"":""im.twoje-miasto.pl/theme/img/ico/pap.png""}]",,,,SEARCH /  / L√§nderreputation,0,0,0,0,0,0,0,0,0,0,0,0,0,0,0,0,0,0,0,0,0,0,0,120,0,0,0,0,0,0,,,,,,0.0,0.0,ex:tychy.twoje-miasto.pl-830111637,,kategoria Kraj,UNKNOWN,,,,,,,,,0.0,0.0,Europe,Poland,pl,Masovian Voivodeship,Warsaw,21.0003662109375,52.2482299804688,0,0,,,40,0,0,,0,0,tychy.twoje-miasto.pl,527,,0
http://twitter.com/dzl32dzl/status/1825406141641245036,,08/19/2024 07:35:38,08/19/2024 07:35:13,08/19/2024 07:36:03,,@PETA_France @franceculture @AFP @france2 @france_soir @MarianneleMag @lemondefr @OuestFrance @Midilibre @lobs @Le_Figaro @romandie @LaStampa @Corse_Matin @courrierinter @lesoir @Charlie_Hebdo_ @libe @elpais_espana @elpais_brasil @elpais_america @timesofindia @DevCanada @XHNews @bbcafrique,,@PETA_France @franceculture @AFP @france2 @france_soir @MarianneleMag @lemondefr @OuestFrance @Midilibre @lobs @Le_Figaro @romandie @LaStampa @Corse_Matin @courrierinter @lesoir @Charlie_Hebdo_ @libe @elpais_espana @elpais_brasil @elpais_america @timesofindia @DevCanada @XHNews @bbcafrique,http://twitter.com/dzl32dzl/,http://twitter.com/,http://twitter.com/,http://twitter.com/PETA_France/status/1825080189841453440,fr,13,0,"SOCIALMEDIA,SOCIALMEDIA_TWITTER",TEXT,,"isComment,isTwitterReply",,,[],,,,SEARCH /  / L√§nderreputation,0,0,0,0,0,0,0,0,0,0,0,0,0,0,0,0,0,0,0,0,0,0,0,5735000064,0,0,0,149,0,0,,,,,,0.0,0.0,tw:254434983,,‚Äò,UNKNOWN,http://pbs.twimg.com/profile_images/1772219659653152768/c9kzKatU_normal.jpg,dzl32dzl,http://twitter.com/dzl32dzl/,Europe,France,fr,Paris,Paris,2.3345947265625,48.8644409179688,Europe,France,fr,Paris,Paris,2.3345947265625,48.8644409179688,0,149,,,1037070528,0,0,,0,0,‚Äò,25,,0
https://miedzychod.twoje-miasto.pl/art-kraj/tour-de-pologne-drugie-zwyciestwo-i440852,,08/16/2024 01:05:04,08/15/2024 00:01:25,08/16/2024 01:05:05,Tour de Pologne - drugie zwyciƒôstwo Nysa,"...rangi World Tour. Opr√≥cz dw√≥ch sukces√≥w w Polsce wygra≈Ç po jednym etapie w Tour de Romandie i w Dooko≈Ça Szwajcarii. W klasyfikacji generalnej TdP jednak siƒô nie liczy, poniewa≈º poni√≥s≈Ç du≈ºe straty we wtorkowej je≈∫dzie indywidualnej na czas.

Za...",Tour de Pologne - drugie zwyciƒôstwo Nysa,"Tour de Pologne - drugie zwyciƒôstwo Nysa

Belg Thibau Nys z ekipy Lidl-Trek wygra≈Ç w Dusznikach-Zdroju trzeci etap wy≈õcigu kolarskiego Tour de Pologne. ≈ª√≥≈ÇtƒÖ koszulkƒô lidera zachowa≈Ç Du≈Ñczyk Jonas Vingegaard (Visma). Rafa≈Ç Majka (UAE Team Emirates) z...",https://miedzychod.twoje-miasto.pl/,http://twoje-miasto.pl/,http://miedzychod.twoje-miasto.pl/,https://miedzychod.twoje-miasto.pl/art-kraj/tour-de-pologne-drugie-zwyciestwo-i440852,pl,0,0,"BLOG,BLOG_OTHER",TEXT,https://strzelcekrajenskie.twoje-miasto.pl/art-kraj/tour-de-pologne-drugie-zwyciestwo-i440852,,,,"[{""url"":""st.twoje-miasto.pl/stat/artv/440852""},{""url"":""im.twoje-miasto.pl/theme/img/ico/pap.png""}]",,,,SEARCH /  / L√§nderreputation,0,0,0,0,0,0,0,0,0,0,0,0,0,0,0,0,0,0,0,0,0,0,0,0,0,0,0,0,0,0,,,,,,0.0,0.0,ex:miedzychod.twoje-miasto.pl-830111637,,kategoria Kraj,UNKNOWN,,,,,,,,,0.0,0.0,Europe,Poland,pl,Masovian Voivodeship,Warsaw,21.0003662109375,52.2482299804688,0,0,,,0,0,0,,0,0,miedzychod.twoje-miasto.pl,527,,0
http://twitter.com/NicolasMar60820/status/1824887116440219761,,08/17/2024 21:13:27,08/17/2024 21:12:47,08/17/2024 21:13:38,,@JoelJuillerat @thomasovitch1 Donc si on continue l'analogie √ßa voudrait dire qu'avant √ßa la France aurait arm√© la Suisse romande et annex√© une partie de la Suisse. Ce n'est pas le cas ü§®,,@JoelJuillerat @thomasovitch1 Donc si on continue l'analogie √ßa voudrait dire qu'avant √ßa la France aurait arm√© la Suisse romande et annex√© une partie de la Suisse. Ce n'est pas le cas ü§®,http://twitter.com/NicolasMar60820/,http://twitter.com/,http://twitter.com/,http://twitter.com/JoelJuillerat/status/1824843414988542011,fr,0,0,"SOCIALMEDIA,SOCIALMEDIA_TWITTER",TEXT,,"isComment,isTwitterReply",,,[],,,,SEARCH /  / L√§nderreputation,0,0,0,0,0,0,0,0,0,0,0,0,0,0,0,0,0,0,0,0,0,0,0,5735000064,0,0,0,199,0,0,,,,,,0.0,0.0,tw:1776400225663410178,,Ni üá®üáµüáµüáπüá∫üá¶,FEMALE,http://pbs.twimg.com/profile_images/1777829849001852928/NvD16XJp_normal.jpg,NicolasMar60820,http://twitter.com/NicolasMar60820/,Europe,France,fr,Paris,Paris,2.3345947265625,48.8644409179688,Europe,France,fr,Paris,Paris,2.3345947265625,48.8644409179688,0,199,,,1037070528,0,0,,0,0,Ni üá®üáµüáµüáπüá∫üá¶,31,,0
https://swidnica24.pl/2024/08/81-tour-de-pologne-uci-world-tour-przebiegajacy-takze-przez-swidnice-przeszedl-juz-do-historii/,,08/21/2024 07:34:10,08/21/2024 07:30:00,08/21/2024 07:34:31,81. Tour de Pologne UCI World Tour przebiegajƒÖcy tak≈ºe przez ≈öwidnicƒô przeszed≈Ç ju≈º do historii,"

‚Äì Jak zobaczy≈Çem profil pierwszego etapu, to wiedzia≈Çem, ≈ºe mam tu du≈ºƒÖ szansƒô na sukces. Wygra≈Çem ju≈º bardzo podobne odcinki w Tour de Romandie i Tour de Suisse, wiƒôc mia≈Çem ogromnƒÖ wiarƒô w siebie. Dziƒôkujƒô te≈º mojej dru≈ºynie za wyprowadzenie...",81. Tour de Pologne UCI World Tour przebiegajƒÖcy tak≈ºe przez ≈öwidnicƒô przeszed≈Ç ju≈º do historii,"Wielkie emocje, triumfy m≈Çodych gwiazd i ko≈Ñcowe zwyciƒôstwo Jonasa Vingegaarda, jednego z najlepszych kolarzy na ≈õwiecie ‚Äì z tego zapamiƒôtamy zako≈Ñczony w niedzielƒô 81. Tour de Pologne. Do tego dochodzi triumf naszego m≈Çodego kolarza ‚Äì Oliwiera Bojna...",https://swidnica24.pl/,http://swidnica24.pl/,http://swidnica24.pl/,https://swidnica24.pl/2024/08/81-tour-de-pologne-uci-world-tour-przebiegajacy-takze-przez-swidnice-przeszedl-juz-do-historii/,pl,0,5,"BLOG,BLOG_OTHER",TEXT,,"containsImage,hasImage",,,"[{""url"":""https://swidnica24.pl/wp-content/uploads/2024/08/https___www.tourdepologne.pl_wp-content_uploads_2024_08_TDP-day-7-230.jpg""},{""url"":""https://swidnica24.pl/wp-content/uploads/2024/08/81.TdP_2-Szymon-Gruchalski-74.jpg""},{""url"":""https://swidnica24.pl/wp-content/uploads/2017/06/baner-patronat.jpg""},{""url"":""Swidnica24.pl.""},{""url"":""https://swidnica24.pl/wp-content/uploads/2024/07/logo_TdP_UCI.jpg""},{""url"":""https://swidnica24.pl/wp-content/uploads/2024/08/81.-Tour-de-Pologne-etap-I-premia-Swidnica-2024.08.12-27.jpg""}]",https://swidnica24.pl/wp-content/uploads/2024/08/https___www.tourdepologne.pl_wp-content_uploads_2024_08_TDP-day-7-230.jpg,,,SEARCH /  / L√§nderreputation,0,0,0,0,0,0,0,0,0,0,0,0,0,0,0,0,0,0,0,0,0,0,0,70000,540747,0,0,0,0,0,,,,,,0.0,0.0,ex:swidnica24.pl-109651828,,sport,UNKNOWN,,,,,,,,,0.0,0.0,Europe,Poland,pl,Masovian Voivodeship,Warsaw,21.0003662109375,52.2482299804688,0,139286,,,36842,139286,0,,0,0,swidnica24.pl,742,,0
https://legruppetto.fr/forum/viewtopic.php?f=88&start=280&t=21725#p3559547,,08/20/2024 23:36:42,08/20/2024 10:33:00,08/20/2024 23:36:49,[23] Roman de St Michel (W) | Bilan de septembre | R√©cits,Barbieri s‚Äôimpose au sprint. La 1er √©tape du Tour de Romandie (cat WT) est plate sur sa deuxi√®me partie. Seulement le ... Kerbaol Camille Fahy 15/09-17/09 Tour de Romandie F√©minin cat 2.WT Elisa Longo Borghini Marta Cavalli Juliette Labous 7e...,[23] Roman de St Michel (W) | Bilan de septembre | R√©cits,"CHAPITRE XLVIII BILAN DE SEPTEMBRE P√©kin, le 30 septembre, Apr√®s mon accord verbal avec Hebei Women, les choses se sont acc√©l√©r√©es. C‚Äôest depuis la capitale chinoise que je me connecte √† la visio de fin de mois. La ville est immense et terriblement d...",https://legruppetto.fr/forum/,http://legruppetto.fr/,http://legruppetto.fr/,https://legruppetto.fr/forum/viewtopic.php?f=88&t=21725,fr,0,0,"MESSAGEBOARD,MESSAGEBOARD_OTHER",TEXT,,isComment,,,"[{""url"":""1.Pro""}]",,,,SEARCH /  / L√§nderreputation,0,0,0,0,0,0,0,0,0,0,0,0,0,0,0,0,0,0,0,0,0,0,0,1100000,508566,0,0,0,0,0,,,,,,0.0,0.0,ex:legruppetto.fr-1320320961,,Duxili,UNKNOWN,,,,,,,,,0.0,0.0,Europe,France,fr,Paris,Paris,2.3345947265625,48.8644409179688,0,49694,,,142857,49694,0,,0,0,legruppetto.fr,847,,0
http://twitter.com/bramswinke58056/status/1825521931472298457,,08/19/2024 15:15:59,08/19/2024 15:15:19,08/19/2024 15:16:13,,"@Tratnikstan @chris_sssss Weather was also, as they could have known on forehand, dogshit in Romandie as far as I can recall.",,"@Tratnikstan @chris_sssss Weather was also, as they could have known on forehand, dogshit in Romandie as far as I can recall.",http://twitter.com/bramswinke58056/,http://twitter.com/,http://twitter.com/,http://twitter.com/Tratnikstan/status/1825521663078756568,en,0,-5,"SOCIALMEDIA,SOCIALMEDIA_TWITTER",TEXT,,"isComment,isTwitterReply",,,[],,,,SEARCH /  / L√§nderreputation,0,0,0,0,0,0,0,0,0,0,0,0,0,0,0,0,0,0,0,0,0,0,0,5735000064,0,0,0,18,0,0,,,,,,0.0,0.0,tw:1659538237428228096,,bram swinkels,MALE,http://pbs.twimg.com/profile_images/1820932416027934720/9jhcgA2S_normal.jpg,bramswinke58056,http://twitter.com/bramswinke58056/,North America,United States,us,"Washington, D.C.","Washington, D.C.",-77.0086669921875,38.8998413085938,North America,United States,us,"Washington, D.C.","Washington, D.C.",-77.0086669921875,38.8998413085938,0,18,,,1037070528,0,0,Yapping about cycling,0,0,bram swinkels,21,,0
https://morag.twoje-miasto.pl/art-kraj/tour-de-pologne-drugie-zwyciestwo-i440852,,08/16/2024 00:40:15,08/15/2024 00:17:27,08/16/2024 00:40:34,Tour de Pologne - drugie zwyciƒôstwo Nysa,"...rangi World Tour. Opr√≥cz dw√≥ch sukces√≥w w Polsce wygra≈Ç po jednym etapie w Tour de Romandie i w Dooko≈Ça Szwajcarii. W klasyfikacji generalnej TdP jednak siƒô nie liczy, poniewa≈º poni√≥s≈Ç du≈ºe straty we wtorkowej je≈∫dzie indywidualnej na czas.

Za...",Tour de Pologne - drugie zwyciƒôstwo Nysa,"Tour de Pologne - drugie zwyciƒôstwo Nysa

Belg Thibau Nys z ekipy Lidl-Trek wygra≈Ç w Dusznikach-Zdroju trzeci etap wy≈õcigu kolarskiego Tour de Pologne. ≈ª√≥≈ÇtƒÖ koszulkƒô lidera zachowa≈Ç Du≈Ñczyk Jonas Vingegaard (Visma). Rafa≈Ç Majka (UAE Team Emirates) z...",https://morag.twoje-miasto.pl/,http://twoje-miasto.pl/,http://morag.twoje-miasto.pl/,https://morag.twoje-miasto.pl/art-kraj/tour-de-pologne-drugie-zwyciestwo-i440852,pl,0,0,"ONLINENEWS,ONLINENEWS_OTHER",TEXT,https://zwolen.twoje-miasto.pl/art-kraj/tour-de-pologne-drugie-zwyciestwo-i440852,,,,"[{""url"":""st.twoje-miasto.pl/stat/artv/440852""},{""url"":""im.twoje-miasto.pl/theme/img/ico/pap.png""}]",,,,SEARCH /  / L√§nderreputation,0,0,0,0,0,0,0,0,0,0,0,0,0,0,0,0,0,0,0,0,0,0,0,0,0,0,0,0,0,0,,,,,,0.0,0.0,ex:morag.twoje-miasto.pl-830111637,,kategoria Kraj,UNKNOWN,,,,,,,,,0.0,0.0,Europe,Poland,pl,Masovian Voivodeship,Warsaw,21.0003662109375,52.2482299804688,0,0,,,0,0,0,,0,0,morag.twoje-miasto.pl,527,,0
https://www.langenthalertagblatt.ch/sport/schwingen/2024/07/15,,08/18/2024 18:08:23,08/18/2024 17:50:59,08/18/2024 18:08:46,Schwingen | Langenthaler Tagblatt,"...der Saison. W√§hrend zwei Berner in der Romandie √ºberzeugen, geht ein Schwingerk√∂nig auf der Rigi leer...",Schwingen | Langenthaler Tagblatt,"¬´Hoselupf¬ª ‚Äì News aus dem SchwingenWenger leidet beim Comeback ‚Äì Stucki reist in die Mongolei

Werner Schlegel bleibt die Figur der Saison. W√§hrend zwei Berner in der Romandie √ºberzeugen, geht ein Schwingerk√∂nig auf der Rigi leer aus.",https://www.langenthalertagblatt.ch/,http://langenthalertagblatt.ch/,http://www.langenthalertagblatt.ch/,https://www.langenthalertagblatt.ch/sport/schwingen/2024/07/15,de,2,0,"ONLINENEWS,ONLINENEWS_NEWSPAPER",TEXT,https://www.langenthalertagblatt.ch/sport/schwingen/2024/07/15,isClusterMainDoc,,,[],,,,SEARCH /  / L√§nderreputation,0,0,0,0,0,0,0,0,0,0,0,0,0,0,0,0,0,0,0,0,0,0,0,0,108927,0,0,0,0,0,,,,,,0.0,0.0,ex:www.langenthalertagblatt.ch-0,,,UNKNOWN,,,,,,,,,0.0,0.0,Europe,Switzerland,ch,Canton of Bern,Bern,7.4652099609375,46.9143676757813,0,21737,,,0,21737,0,,0,0,www.langenthalertagblatt.ch,35,,0
https://www.mediabask.eus/es/info_mbsk/20240821/cyclisme-alex-aranburu-signe-chez-cofidis,,08/21/2024 15:45:12,08/21/2024 15:40:00,08/21/2024 15:45:34,Cyclisme : Alex Aranburu signe chez Cofidis,...Pays Basque et trois top 10 au Tour de Romandie. Il a √©galement int√©gr√© trois √©chapp√©es lors de la derni√®re Grande...,Cyclisme : Alex Aranburu signe chez Cofidis,Alex Aranburu a sign√© avec l‚Äô√©quipe fran√ßaise Cofidis pour les trois prochaines saisons. Le coureur basque de 28 ans originaire de Deba (Gipuzkoa) int√®gre ainsi sa troisi√®me √©quipe du World Tour apr√®s Astana (2020-2021) et la Movistar o√π il √©voluait ...,https://www.mediabask.eus/,http://mediabask.eus/,http://www.mediabask.eus/,https://www.mediabask.eus/es/info_mbsk/20240821/cyclisme-alex-aranburu-signe-chez-cofidis,fr,0,5,"ONLINENEWS,ONLINENEWS_OTHER",TEXT,,"containsImage,hasImage",,,[],https://www.mediabask.eus/media/asset_publics/resources/001/148/295/original/unnamed_(1).jpg,,,SEARCH /  / L√§nderreputation,0,0,0,0,0,0,0,0,0,0,0,0,0,0,0,0,0,0,0,0,0,0,0,50000,64484,0,0,0,0,0,,,,,,0.0,0.0,ex:www.mediabask.eus-1388830521,,Willy Roux,MALE,,,,,,,,,0.0,0.0,Europe,France,fr,Pyr√©n√©es-Atlantiques,Urrugne,-1.6973876953125,43.3657836914063,0,37736,,,25000,37736,0,,0,0,www.mediabask.eus,376,,0
https://mielec.twoje-miasto.pl/art-kraj/tour-de-pologne-drugie-zwyciestwo-i440852,,08/16/2024 02:30:30,08/15/2024 01:32:44,08/16/2024 02:30:52,Tour de Pologne - drugie zwyciƒôstwo Nysa,"...rangi World Tour. Opr√≥cz dw√≥ch sukces√≥w w Polsce wygra≈Ç po jednym etapie w Tour de Romandie i w Dooko≈Ça Szwajcarii. W klasyfikacji generalnej TdP jednak siƒô nie liczy, poniewa≈º poni√≥s≈Ç du≈ºe straty we wtorkowej je≈∫dzie indywidualnej na czas.

Za...",Tour de Pologne - drugie zwyciƒôstwo Nysa,"Tour de Pologne - drugie zwyciƒôstwo Nysa

Belg Thibau Nys z ekipy Lidl-Trek wygra≈Ç w Dusznikach-Zdroju trzeci etap wy≈õcigu kolarskiego Tour de Pologne. ≈ª√≥≈ÇtƒÖ koszulkƒô lidera zachowa≈Ç Du≈Ñczyk Jonas Vingegaard (Visma). Rafa≈Ç Majka (UAE Team Emirates) z...",https://mielec.twoje-miasto.pl/,http://twoje-miasto.pl/,http://mielec.twoje-miasto.pl/,https://mielec.twoje-miasto.pl/art-kraj/tour-de-pologne-drugie-zwyciestwo-i440852,pl,0,0,"BLOG,BLOG_OTHER",TEXT,https://strzelcekrajenskie.twoje-miasto.pl/art-kraj/tour-de-pologne-drugie-zwyciestwo-i440852,,,,"[{""url"":""st.twoje-miasto.pl/stat/artv/440852""},{""url"":""im.twoje-miasto.pl/theme/img/ico/pap.png""}]",,,,SEARCH /  / L√§nderreputation,0,0,0,0,0,0,0,0,0,0,0,0,0,0,0,0,0,0,0,0,0,0,0,34,0,0,0,0,0,0,,,,,,0.0,0.0,ex:mielec.twoje-miasto.pl-830111637,,kategoria Kraj,UNKNOWN,,,,,,,,,0.0,0.0,Europe,Poland,pl,Masovian Voivodeship,Warsaw,21.0003662109375,52.2482299804688,0,0,,,11,0,0,,0,0,mielec.twoje-miasto.pl,527,,0
https://www.welovecycling.com/cs/2024/08/15/bradley-wiggins-o-bankrotu-nikdy-jsem-nevenoval-pozornost-financim/,,08/15/2024 05:59:54,08/15/2024 05:00:45,08/15/2024 06:00:14,Bradley Wiggins o bankrotu: Nikdy jsem nevƒõnoval pozornost financ√≠m,"

Stal se ≈ôeditelem, ani≈æ o tom vƒõdƒõl

Py≈°n√≠ se i celkov√Ωmi triumfy z Pa≈ô√≠≈æ-Nice, Crit√©rium du Dauphin√©, Kolem Romandie, Kolem Kalifornie ƒçi titulem mistra svƒõta v ƒçasovce z roku 2014. Kari√©ru ukonƒçil na konci sezony 2016, v kter√© p≈ôi olympijsk√Ωch...",Bradley Wiggins o bankrotu: Nikdy jsem nevƒõnoval pozornost financ√≠m,"P≈ôed p√°r lety byl na vrcholu sl√°vy. Cyklista Bradley Wiggins vyhr√°l Tour de France, m√° pƒõt zlat√Ωch medail√≠ z olympijsk√Ωch her, kde vybojoval bƒõhem pƒõti √∫ƒçast√≠ je≈°tƒõ jedno st≈ô√≠bro a dva bronzy. Vyznamenala jej osobnƒõ Kr√°lovna Al≈æbƒõta II. Letos v ƒçervn...",https://www.welovecycling.com/,http://welovecycling.com/,http://www.welovecycling.com/,https://www.welovecycling.com/cs/2024/08/15/bradley-wiggins-o-bankrotu-nikdy-jsem-nevenoval-pozornost-financim/,cs,0,0,"BLOG,BLOG_OTHER",TEXT,,,,,"[{""url"":""https://www.welovecycling.com/cs/2022/11/23/bradley-wiggins-po-zlatem-vylovu-propadl-alkoholu-aby-se-vratil-jako-kral-tour-de-france/""},{""url"":""https://d2p6e6u75xmxt8.cloudfront.net/13/2022/11/Wiggin-titulprofimedia-0138388246.webp""}]",,,,SEARCH /  / L√§nderreputation,0,0,0,0,0,0,0,0,0,0,0,0,0,0,0,0,0,0,0,0,0,0,0,740000,2793566,0,0,0,0,0,,,,,,0.0,0.0,ex:www.welovecycling.com-568089209,,we love cycling,MALE,,,,,,,,,0.0,0.0,Europe,France,fr,Paris,Paris,2.3345947265625,48.8644409179688,0,1095612,,,176190,1095612,0,,0,0,www.welovecycling.com,551,,0
http://twitter.com/Madame_Oxazepam/status/1825871871901888947,,08/20/2024 14:26:26,08/20/2024 14:25:51,08/20/2024 14:26:29,,"RT @AlbLeVert: Sinon, comment nos conspis antivax de Suisse romande vivent-elles et ils l‚Äôannonce de l‚ÄôOMS dzu degr√© d‚Äôalerte maximal √† propos de l‚Äôapparition du dernier variant de la variole du singe, dor√©navant nomm√©e ¬´ Mpox ¬ª ? Spoiler. Mal. tourn√©e des popotes : Thread 1/n : pic.x.com/mjpeiwp0qf",,"RT @AlbLeVert: Sinon, comment nos conspis antivax de Suisse romande vivent-elles et ils l‚Äôannonce de l‚ÄôOMS dzu degr√© d‚Äôalerte maximal √† propos de l‚Äôapparition du dernier variant de la variole du singe, dor√©navant nomm√©e ¬´ Mpox ¬ª ? Spoiler. Mal. tourn√©e des popotes : Thread 1/n : https://t.co/MjpeIWp0QF",http://twitter.com/Madame_Oxazepam/,http://twitter.com/,http://twitter.com/,http://twitter.com/AlbLeVert/status/1825821916566901096,fr,0,0,"SOCIALMEDIA,SOCIALMEDIA_TWITTER",IMAGE,,"hasImage,isQuestion,isComment,isRepost,containsImage",,,"[{""display_url"":""pic.x.com/mjpeiwp0qf"",""expanded_url"":""https://twitter.com/AlbLeVert/status/1825821916566901096/photo/1"",""url"":""https://t.co/MjpeIWp0QF""}]",http://pbs.twimg.com/media/GVabeaFXwAEcVby.jpg,,,SEARCH /  / L√§nderreputation,0,0,0,0,0,0,0,0,0,0,0,0,0,0,0,0,0,0,0,0,0,0,0,5735000064,0,0,0,136,0,0,,,,,,0.0,0.0,tw:1499520318,,Mme Oxzpm en manque fournisseur,MALE,http://pbs.twimg.com/profile_images/1658879708493234177/TmYv1ugj_normal.png,Madame_Oxazepam,http://twitter.com/Madame_Oxazepam/,Europe,France,fr,Paris,Paris,2.3345947265625,48.8644409179688,Europe,France,fr,Paris,Paris,2.3345947265625,48.8644409179688,0,136,,,1037070528,0,0,"30, Pharmacie, sant√©, m√©decine, films d'horreur, jeux vid√©os, AA/NA, un joyeux bordel.
#RecoveringAddict #NoFakeMed
üá´üá∑üáÆüáπüá¨üáßüá©üá™",0,0,Mme Oxzpm en manque fournisseur,45,,0
https://www.jeuxvideo.com/forums/42-51-74756352-6-0-1-0-la-suisse-est-le-cheat-code-pour-etre-riche-a-20-ans-4000-balles-de-smic.htm#post_1272394896,,08/21/2024 03:36:02,08/20/2024 21:35:00,08/21/2024 03:36:18,,"...est absolument pas ca J'te parle de la Suisse Romande le g√©nie C'est le fran√ßais qui pr√©domine Pays a droite √©galement ... Maintenant, viens me dire qu'une personne Suisse Romande est plus proche d'un Britannique, un Espagnol, Italien que d'un...",,Le 20 ao√ªt 2024 √† 21:23:11 : Le 20 ao√ªt 2024 √† 21:19:07 : Le 20 ao√ªt 2024 √† 21:15:19 : Le 20 ao√ªt 2024 √† 21:13:51 : Le 20 ao√ªt 2024 √† 21:11:39 : > Le 20 ao√ªt 2024 √† 21:09:28 : >> Le 20 ao√ªt 2024 √† 21:07:02 : > >Bordel √ßa chiale vraiment pour 40h l√† >...,https://www.jeuxvideo.com/,http://jeuxvideo.com/,http://www.jeuxvideo.com/,https://www.jeuxvideo.com/forums/42-51-74756352-6-0-1-0-la-suisse-est-le-cheat-code-pour-etre-riche-a-20-ans-4000-balles-de-smic.htm,fr,0,0,"MESSAGEBOARD,MESSAGEBOARD_OTHER",TEXT,,"isQuestion,isComment",,,[],,,,SEARCH /  / L√§nderreputation,0,0,0,0,0,0,0,0,0,0,0,0,0,0,0,0,0,0,0,0,0,0,0,75800000,94557074,0,0,0,0,0,,,,,,0.0,0.0,ex:www.jeuxvideo.com-841381310,,AnzheIa,UNKNOWN,,,,,,,,,0.0,0.0,Europe,France,fr,Paris,Paris,2.3345947265625,48.8644409179688,0,18830382,,,9427861,18830382,0,,0,0,www.jeuxvideo.com,311,,0
http://twitter.com/ihidoype/status/1824791564813574257,,08/17/2024 14:53:48,08/17/2024 14:53:06,08/17/2024 14:54:14,,"RT @MarceloBufacchi: Schumann: Piano Concerto in A Minor, Op. 54 (+ Encore) - Martha Argerich #piano - Orchestre de la Suisse Romande - Charles Dutoit (Cond.) - Live at Festival de Granada, 6.07.2024. #ClassicalMusic #music #art https://t.co/TkMMci0Av1",,"RT @MarceloBufacchi: Schumann: Piano Concerto in A Minor, Op. 54 (+ Encore) - Martha Argerich #piano - Orchestre de la Suisse Romande - Charles Dutoit (Cond.) - Live at Festival de Granada, 6.07.2024. #ClassicalMusic #music #art https://t.co/TkMMci0Av1",http://twitter.com/ihidoype/,http://twitter.com/,http://twitter.com/,http://twitter.com/MarceloBufacchi/status/1824484836007924114,en,0,0,"SOCIALMEDIA,SOCIALMEDIA_TWITTER",TEXT,,"isComment,isRepost",,,[],,,,SEARCH /  / L√§nderreputation,0,0,0,0,0,0,0,0,0,0,0,0,0,0,0,0,0,0,0,0,0,0,0,5735000064,0,0,0,19941,0,0,South America,Argentina,ar,Buenos Aires,Buenos Aires,-58.53515625,-34.541015625,tw:2486420780,,Eduardo Ihidoype,MALE,http://pbs.twimg.com/profile_images/591763069115768832/ZigmdOxM_normal.jpg,ihidoype,http://twitter.com/ihidoype/,South America,Argentina,ar,Buenos Aires,Buenos Aires,-58.53515625,-34.541015625,South America,Argentina,ar,Buenos Aires,Buenos Aires,-58.53515625,-34.541015625,0,19941,,,1037070528,0,0,"Partner at OMSA Publishing. Music Management.  
All about music.  

https://t.co/Ducprw3GMr Instagram @ihidoype_music",0,0,Eduardo Ihidoype,32,,0
https://www.canalalpha.ch/play/la-boucle/episode/34877/la-boucle-sinteresse-a-la-litterature-medievale,,08/19/2024 20:48:25,08/19/2024 18:30:00,08/19/2024 20:48:40,La Boucle s'int√©resse √† la litt√©rature m√©di√©vale,...consacr√© √† la litt√©rature m√©di√©vale en Suisse romande. Alain Corbellari est sp√©cialiste de l'histoire des √©tudes m√©di√©vales...,La Boucle s'int√©resse √† la litt√©rature m√©di√©vale,"La Boucle s'int√©resse √† la litt√©rature m√©di√©vale

Un ouvrage consacr√© √† la litt√©rature m√©di√©vale en Suisse romande. Alain Corbellari est sp√©cialiste de l'histoire des √©tudes m√©di√©vales et nous pr√©sente son nouvel ouvrage intitul√© ""La Suisse romande a...",https://www.canalalpha.ch/,http://canalalpha.ch/,http://www.canalalpha.ch/,https://www.canalalpha.ch/play/la-boucle/episode/34877/la-boucle-sinteresse-a-la-litterature-medievale,fr,0,0,"ONLINENEWS,ONLINENEWS_TVRADIO",TEXT,,"containsImage,hasImage",,,[],https://static.canalalpha.ch/poster/magazine/magazine_12850.png,,,SEARCH /  / L√§nderreputation,0,0,0,0,0,0,0,0,0,0,0,0,0,0,0,0,0,0,0,0,0,0,0,10000,30501,0,0,0,0,0,,,,,,0.0,0.0,ex:www.canalalpha.ch-0,,,UNKNOWN,,,,,,,,,0.0,0.0,Europe,Switzerland,ch,Canton of Bern,Bern,7.4652099609375,46.9143676757813,0,22487,,,9090,22487,0,,0,0,www.canalalpha.ch,51,,0
http://www.youtube.com/watch?v=UwHb4Oejt8M,,08/20/2024 22:29:24,08/20/2024 21:52:55,08/20/2024 22:29:38,Fage Total 0% Yaourt Grec Arrive dans 40 Coop en Suisse Romande !,"...Fage Total 0% est maintenant disponible dans 40 Coop Megastores √† travers la Suisse romande ! üéâ Ce yaourt onctueux, sans mati√®re grasse, est parfait pour ceux qui recherchent un √©quilibre entre go√ªt et sant√©. D√©couvrez o√π vous pouvez le trouver...",Fage Total 0% Yaourt Grec Arrive dans 40 Coop en Suisse Romande !,"Nous sommes ravis de vous annoncer que le yaourt grec Fage Total 0% est maintenant disponible dans 40 Coop Megastores √† travers la Suisse romande ! üéâ Ce yaourt onctueux, sans mati√®re grasse, est parfait pour ceux qui recherchent un √©quilibre entre go√ªt et sant√©. D√©couvrez o√π vous pouvez le trouver pr√®s de chez vous en cliquant sur le lien dans la description. Ne manquez pas cette occasion de go√ªter √† la perfection grecque ! üá®üá≠ nectrafood.ch/landing-page/ #FageTotal #YaourtGrec #CoopSuisseRomande #Nouveaut√© #HealthyEating",http://www.youtube.com/channel/UCkMLFWE93_LTOuD41-z2BiQ,http://youtube.com/,http://www.youtube.com/,http://www.youtube.com/watch?v=UwHb4Oejt8M,fr,0,5,"SOCIALMEDIA,SOCIALMEDIA_YOUTUBE",VIDEO,,"containsVideo,hasImage",,,"[{""url"":""nectrafood.ch/landing-page/""}]",https://i.ytimg.com/vi/UwHb4Oejt8M/hqdefault.jpg,,,SEARCH /  / L√§nderreputation,0,0,0,0,0,0,0,0,0,0,0,0,0,4,0,0,0,0,0,0,0,0,0,78739996672,0,0,0,0,0,0,,,,,,0.0,0.0,yt:UCkMLFWE93_LTOuD41-z2BiQ,,Nectra Food SA,FEMALE,https://yt3.ggpht.com/ytc/AIdro_nwi8Y3QJtCaQ1TO1GIem7hcbF-NoNBErYsOC-cTfH0xw=s88-c-k-c0x00ffffff-no-rj,Nectra Food SA,http://www.youtube.com/channel/UCkMLFWE93_LTOuD41-z2BiQ,,,,,,0.0,0.0,Europe,France,fr,Paris,Paris,2.3345947265625,48.8644409179688,0,4,,,8827354112,0,0,,0,0,www.youtube.com,78,,0
https://www.facebook.com/288475696651399/posts/886799710152325,,08/16/2024 06:54:13,08/16/2024 05:19:46,08/16/2024 06:54:26,"Cyclisme: Demi Vollering chute, le Tour de France f√©minin relanc√©",√Ä voir comment Demi Vollering se remet de sa chute‚Ä¶ H√¢te de retrouver ces championnes sur le 3e Tour de Romandie F√©minin du 6 au 8 septembre! #TDR #tdrf2024...,"Cyclisme: Demi Vollering chute, le Tour de France f√©minin relanc√©","COUP DE TH√â√ÇTRE SUR Le Tour de France Femmes avec Zwift: Demi Vollering CHUTE ET PERD LE MAILLOT JAUNE ! La grande favorite est tomb√©e √† 6 km de l‚Äôarriv√©e avec plusieurs autres coureuses. La gagnante du #TDRF2023 est repartie grima√ßante, oubli√©e par ses co√©quipi√®res, et a fini en larmes. Katarzyna Niewiadoma, 2e du #TDRF2023 se retrouve en jaune. Ce vendredi, arriv√©e √† Morteau (F) avant les deux √©tapes finales dans les Alpes. √Ä voir comment Demi Vollering se remet de sa chute‚Ä¶ H√¢te de retrouver ces championnes sur le 3e Tour de Romandie F√©minin du 6 au 8 septembre! #TDR #tdrf2024 #tdrnonstop",http://www.facebook.com/501542776553524,http://facebook.com/,http://www.facebook.com/,https://www.facebook.com/288475696651399/posts/886799710152325,fr,0,5,"SOCIALMEDIA,SOCIALMEDIA_FACEBOOK",LINK,,"containsImage,hasImage,isOfficialSource",,,"[{""url"":""https://www.lematin.ch/story/cyclisme-demi-vollering-chute-le-tour-de-france-feminin-relance-250114448184""}]",https://external-fra3-1.xx.fbcdn.net/emg1/v/t13/10459767612171006786?url=https%3A%2F%2Fimage.lematin.ch%2F2024%2F08%2F15%2F8c6dac3e-ef39-480f-93f5-42b965f54086.jpeg%3Fauto%3Dformat%252Ccompress%252Cenhance%26fit%3Dcrop%26w%3D1200%26h%3D675%26rect%3D0%252C0%252C2048%252C1365%26fp-x%3D0.14306640625%26fp-y%3D0.4622710622710623%26crop%3Dfocalpoint%26s%3D69f5f076b1b7788437e1982a0505983c&fb_obo=1&utld=lematin.ch&ccb=13-1&stp=dst-emg0_q75&ur=50234c&_nc_sid=64c8fc&oh=06_Q399pv2xTYHA2o-HKhjNGYcvyfoscRJpf-7kun8mhe1lEl8&oe=66C09A36,,"FACEBOOK:posts:http://www.facebook.com/501542776553524,FACEBOOK:feed:http://www.facebook.com/501542776553524",SEARCH /  / L√§nderreputation,2,8,8,0,0,0,0,0,0,0,0,0,0,0,0,0,0,0,0,0,0,0,0,13699999744,0,23097,0,0,0,0,,,,,,0.0,0.0,fb:501542776553524,,Tour De Romandie,UNKNOWN,https://scontent-fra3-2.xx.fbcdn.net/v/t39.30808-1/269928061_288464229985879_6056235279833964025_n.jpg?stp=cp0_dst-jpg_p50x50&_nc_cat=104&ccb=1-7&_nc_sid=6738e8&_nc_ohc=89U4fIFMD3IQ7kNvgHiKvHK&_nc_ht=scontent-fra3-2.xx&edm=AKK4YLsEAAAA&oh=00_AYB1WqhBPo2rXWIY9PtIL1uFkoYov89qoelA8rTcajbViQ&oe=66C4B359,,http://www.facebook.com/501542776553524,,,,,,0.0,0.0,Europe,France,fr,Paris,Paris,2.3345947265625,48.8644409179688,10,23097,,,2649903104,0,0,,0,0,Tour De Romandie,102,,0
https://kamiennagora.twoje-miasto.pl/art-kraj/tour-de-pologne-drugie-zwyciestwo-i440852,,08/16/2024 00:16:57,08/15/2024 01:13:51,08/16/2024 00:17:26,Tour de Pologne - drugie zwyciƒôstwo Nysa,"...rangi World Tour. Opr√≥cz dw√≥ch sukces√≥w w Polsce wygra≈Ç po jednym etapie w Tour de Romandie i w Dooko≈Ça Szwajcarii. W klasyfikacji generalnej TdP jednak siƒô nie liczy, poniewa≈º poni√≥s≈Ç du≈ºe straty we wtorkowej je≈∫dzie indywidualnej na czas.

Za...",Tour de Pologne - drugie zwyciƒôstwo Nysa,"Tour de Pologne - drugie zwyciƒôstwo Nysa

Belg Thibau Nys z ekipy Lidl-Trek wygra≈Ç w Dusznikach-Zdroju trzeci etap wy≈õcigu kolarskiego Tour de Pologne. ≈ª√≥≈ÇtƒÖ koszulkƒô lidera zachowa≈Ç Du≈Ñczyk Jonas Vingegaard (Visma). Rafa≈Ç Majka (UAE Team Emirates) z...",https://kamiennagora.twoje-miasto.pl/,http://twoje-miasto.pl/,http://kamiennagora.twoje-miasto.pl/,https://kamiennagora.twoje-miasto.pl/art-kraj/tour-de-pologne-drugie-zwyciestwo-i440852,pl,0,0,"ONLINENEWS,ONLINENEWS_OTHER",TEXT,https://zwolen.twoje-miasto.pl/art-kraj/tour-de-pologne-drugie-zwyciestwo-i440852,,,,"[{""url"":""st.twoje-miasto.pl/stat/artv/440852""},{""url"":""im.twoje-miasto.pl/theme/img/ico/pap.png""}]",,,,SEARCH /  / L√§nderreputation,0,0,0,0,0,0,0,0,0,0,0,0,0,0,0,0,0,0,0,0,0,0,0,0,0,0,0,0,0,0,,,,,,0.0,0.0,ex:kamiennagora.twoje-miasto.pl-830111637,,kategoria Kraj,UNKNOWN,,,,,,,,,0.0,0.0,Europe,Poland,pl,Masovian Voivodeship,Warsaw,21.0003662109375,52.2482299804688,0,0,,,0,0,0,,0,0,kamiennagora.twoje-miasto.pl,527,,0
https://persoenlich.com/kategorie-werbung/mehr-liefern-als-einfach-nur-produkte,,08/21/2024 16:05:33,08/20/2024 20:24:57,08/21/2024 16:06:09,"Inhalt und Form: Mehr liefern, als einfach nur Produkte","

Die zweite Welle der Imagekampagne ist seit dem 19. August in der Deutschschweiz und der Romandie zu sehen. Die drei Werbespots werden im Fernsehen sowie online auf Social Media und YouTube ausgespielt und ausserdem f√ºr DOOH adaptiert. Die...","Inhalt und Form: Mehr liefern, als einfach nur Produkte","20.08.2024

Inhalt und Form

Mehr liefern, als einfach nur Produkte

Die Imagekampagne vom Schweizer Onlineshop Brack.ch startet in die zweite Welle. Mitten in der Natur geben die Sujets und Spots Einblick ins Alltagleben der Schweizerinnen und Schwe...",https://persoenlich.com/kategorie-werbung/,http://persoenlich.com/,http://persoenlich.com/,https://persoenlich.com/kategorie-werbung/mehr-liefern-als-einfach-nur-produkte,de,0,5,"BLOG,BLOG_OTHER",TEXT,,"containsImage,hasImage",,,"[{""url"":""BRACK.CH""},{""url"":""Brack.ch""},{""url"":""Brack.ch.""}]",https://persoenlich.com/sites/default/files/x-44-5671.jpg,,,SEARCH /  / L√§nderreputation,0,0,0,0,0,0,0,0,0,0,0,0,0,0,0,0,0,0,0,0,0,0,0,100000,110262,0,0,0,0,0,,,,,,0.0,0.0,ex:persoenlich.com-1086872944,,copyright ¬©,UNKNOWN,,,,,,,,,0.0,0.0,Europe,Germany,de,Berlin,Berlin,13.3978271484375,52.5228881835938,0,47872,,,76923,47872,0,,0,0,persoenlich.com,332,,0
https://www.24heures.ch/meteo-robin-robin-metrailler-a-franchi-la-barre-des-100000-followers-363061290336,,08/20/2024 21:08:58,08/20/2024 21:05:30,08/20/2024 21:09:23,¬´M√©t√©o Robin¬ª: Robin M√©trailler a franchi la barre des 100‚Äô000 followers,"...beau temps avec un certain succ√®s en Suisse romande. Sa page Facebook d√©passe d√©sormais les 100‚Äô000 abonn√©s.

Karim Di...",¬´M√©t√©o Robin¬ª: Robin M√©trailler a franchi la barre des 100‚Äô000 followers,"|Portraits|¬´M√©t√©o Robin¬ª: Robin M√©trailler a franchi la barre des 100‚Äô000 followers

Portrait de Robin M√©trailler¬´M√©t√©o Robin¬ª, pour l‚Äôamour du ciel

Le Chablaisien de 22 ans fait la pluie et le beau temps avec un certain succ√®s en Suisse romande. Sa...",https://www.24heures.ch/,http://24heures.ch/,http://www.24heures.ch/,https://www.24heures.ch/meteo-robin-robin-metrailler-a-franchi-la-barre-des-100000-followers-363061290336,fr,0,5,"ONLINENEWS,ONLINENEWS_NEWSPAPER",TEXT,,"hasImage,containsImage",,,"[{""url"":""https://www.facebook.com/meteorobinmetrailler""},{""url"":""https://cdn.unitycms.io/images/1n_YK6DwK2E8rmzDZolFtE.jpg?op=ocroped&amp;val=1200,800,1000,1000,0,0&amp;sum=Fk3QLxsrkOs""},{""url"":""https://cdn.unitycms.io/images/71EJgAFgqnP9BRGZgfBJBP.png?op=ocroped&amp;val=400,400,1000,1000,0,0&amp;sum=m8CXKYz2syo""}]","https://cdn.unitycms.io/images/71EJgAFgqnP9BRGZgfBJBP.png?op=ocroped&val=400,400,1000,1000,0,0&sum=m8CXKYz2syo",,,SEARCH /  / L√§nderreputation,0,0,0,0,0,0,0,0,0,0,0,0,0,0,0,0,0,0,0,0,0,0,0,300000,1091290,0,0,0,0,0,,,,,,0.0,0.0,ex:www.24heures.ch-1391366809,,karim di matteo,MALE,,,,,,,,,0.0,0.0,Europe,Switzerland,ch,Canton of Bern,Bern,7.4652099609375,46.9143676757813,0,488574,,,214285,488574,0,,0,0,www.24heures.ch,109,,0
http://twitter.com/SMarkoussian12/status/1826273210708656604,,08/21/2024 17:01:21,08/21/2024 17:00:38,08/21/2024 17:01:32,,"RT @ColdFactsCH: üö®NEW EPISODEüö® Pour ce premier √©pisode de la 7e saison, on traite l‚Äôactu estivale, MySports en Romandie et Hockey Manager https://t.co/PnddjRmKdd https://t.co/ZKN5LrRbBO pic.x.com/uwpbuhopj3",,"RT @ColdFactsCH: üö®NEW EPISODEüö® Pour ce premier √©pisode de la 7e saison, on traite l‚Äôactu estivale, MySports en Romandie et Hockey Manager https://t.co/PnddjRmKdd https://t.co/ZKN5LrRbBO https://t.co/UWPBuHOpj3",http://twitter.com/SMarkoussian12/,http://twitter.com/,http://twitter.com/,http://twitter.com/ColdFactsCH/status/1826273129204969791,fr,0,0,"SOCIALMEDIA,SOCIALMEDIA_TWITTER",IMAGE,,"containsImage,hasImage,isComment,isRepost",,,"[{""display_url"":""pic.x.com/uwpbuhopj3"",""expanded_url"":""https://twitter.com/ColdFactsCH/status/1826273129204969791/photo/1"",""url"":""https://t.co/UWPBuHOpj3""}]",http://pbs.twimg.com/media/GVgy8flWwAAX9jY.jpg,,,SEARCH /  / L√§nderreputation,0,0,0,0,0,0,0,0,0,0,0,0,0,0,0,0,0,0,0,0,0,0,0,5735000064,0,0,0,877,0,0,Europe,Switzerland,ch,Canton of Geneva,Geneva,6.1358642578125,46.2112426757813,tw:872368556,,Sev' ü¶ÖüóùÔ∏èüá®üá≠üèÜ‚òòÔ∏èüêªüá¶üá≤,MALE,http://pbs.twimg.com/profile_images/1766463693418606592/pTluoe8Q_normal.jpg,SMarkoussian12,http://twitter.com/SMarkoussian12/,Europe,Switzerland,ch,Canton of Geneva,Geneva,6.1358642578125,46.2112426757813,Europe,Switzerland,ch,Canton of Geneva,Geneva,6.1358642578125,46.2112426757813,0,877,,,1037070528,0,0,"Fan du GSHC et du SFC
Fan de sports am√©ricain et de foot üèíüèÄüèà‚öΩ 
üì∏ : Sevou12",0,0,Sev' ü¶ÖüóùÔ∏èüá®üá≠üèÜ‚òòÔ∏èüêªüá¶üá≤,25,,0
https://www.cyclismactu.net/news-vuelta-route-tour-d-espagne-brandon-mcnulty-si-quelque-chose-de-fou-se-produisait-83599.html,,08/18/2024 10:39:10,08/17/2024 21:25:23,08/18/2024 10:39:24,Tour d'Espagne - Brandon McNulty : ¬´Si quelque chose de fou se produisait...¬ª,"...l'exercice cette ann√©e (5e des JO, vainqueur en Romandie et sur l'UAE Tour). Une performance qui lui offre sa 2e victoire...",Tour d'Espagne - Brandon McNulty : ¬´Si quelque chose de fou se produisait...¬ª,"Tour d'Espagne - Brandon McNulty : ¬´Si quelque chose de fou se produisait...¬ª

le 17/08/2024 √† 21:25. Mis √† jour le 18/08/2024 √† 07:00.

Photo : @lavuelta

Tour d'Espagne - Brandon McNulty : ¬´Si quelque chose de fou se produisait...¬ª

le 17/08/2024 √†...",https://www.cyclismactu.net/,http://cyclismactu.net/,http://www.cyclismactu.net/,https://www.cyclismactu.net/news-vuelta-route-tour-d-espagne-brandon-mcnulty-si-quelque-chose-de-fou-se-produisait-83599.html,fr,0,5,"ONLINENEWS,ONLINENEWS_OTHER",TEXT,,"containsImage,containsVideo,hasImage",,,"[{""url"":""https://twitter.com/hashtag/LaVuelta24?src=hash&amp;ref_src=twsrc%5Etfw""},{""url"":""pic.twitter.com/yHNPweyXAI""},{""url"":""https://twitter.com/cyclismactu/status/1824884640953634896?ref_src=twsrc%5Etfw""},{""url"":""https://t.co/dHJXT3RDmP""},{""url"":""https://www.facebook.com/sharer/sharer.php?app_id=2866523400057404&amp;sdk=joey&amp;u=https://www.cyclismactu.net/news-brandon-mcnulty-si-quelque-chose-de-fou-se-produisait-83599.html&amp;display=popup&amp;ref=plugin""},{""url"":""https://twitter.com/intent/tweet?url=https://www.cyclismactu.net/news-brandon-mcnulty-si-quelque-chose-de-fou-se-produisait-83599.html&amp;text=Brandon""},{""url"":""https://www.youtube.com/embed/yklhiBriJi8""},{""url"":""https://plus.google.com/share?url=https://www.cyclismactu.net/news-brandon-mcnulty-si-quelque-chose-de-fou-se-produisait-83599.html""},{""url"":""https://t.co/yHNPweyXAI""},{""url"":""https://www.linkedin.com/shareArticle?mini=true&amp;url=https://www.cyclismactu.net/news-brandon-mcnulty-si-quelque-chose-de-fou-se-produisait-83599.html&amp;title=CyclismActu&amp;summary=&amp;source=""}]",https://www.cyclismactu.net/photo/news/83599_mcnulty22.jpg,http://www.youtube.com/watch?v=yklhiBriJi8,,SEARCH /  / L√§nderreputation,0,0,0,0,0,0,0,0,0,0,0,0,0,0,0,0,0,0,0,0,0,0,0,80000,1621921,0,0,0,0,0,,,,,,0.0,0.0,ex:www.cyclismactu.net-0,,,UNKNOWN,,,,,,,,,0.0,0.0,Europe,France,fr,Paris,Paris,2.3345947265625,48.8644409179688,0,260656,,,61538,260656,0,,0,0,www.cyclismactu.net,440,,0
http://reddit.com/r/schwiiz/comments/1ew2re1/comment/lixeno5,,08/19/2024 22:06:46,08/19/2024 22:06:24,08/19/2024 22:07:02,Wieso isch r/schwiiz weniger aktiv als r/suisse obwohl s dr√º mal meh d√ºtschschwizer het als...,"Wil uf r/suisse meh Expats und englisch sprachigi zuezogeni druf sind und im Welsche wohne. ""La Romandie toujours rigol√©, jamais travailler.""",Wieso isch r/schwiiz weniger aktiv als r/suisse obwohl s dr√º mal meh d√ºtschschwizer het als welschi/romands ?,"Wil uf r/suisse meh Expats und englisch sprachigi zuezogeni druf sind und im Welsche wohne. ""La Romandie toujours rigol√©, jamais travailler.""",http://reddit.com/r/schwiiz/comments/1ew2re1,http://reddit.com/,http://reddit.com/,http://reddit.com/r/schwiiz/comments/1ew2re1,de,1,-5,"MESSAGEBOARD,MESSAGEBOARD_REDDIT",TEXT,,"isQuestion,isComment",,,[],,,,SEARCH /  / L√§nderreputation,0,0,0,0,0,0,0,0,0,0,0,0,0,0,0,0,0,0,0,0,0,0,0,3424000000,643,0,0,0,0,0,,,,,,0.0,0.0,re:t2_cb7ym7we,,Fabulous-Pilot-785,MALE,https://i.redd.it/snoovatar/avatars/5522b239-5e6f-424e-b6d5-236e0fd8cc6b-headshot.png,,https://www.reddit.com/user/Fabulous-Pilot-785,,,,,,0.0,0.0,Europe,Germany,de,Berlin,Berlin,13.3978271484375,52.5228881835938,0,0,,,683433088,0,0,,0,0,schwiiz,22,,0
https://lukow.twoje-miasto.pl/art-kraj/tour-de-pologne-drugie-zwyciestwo-i440852,,08/16/2024 01:11:11,08/15/2024 00:15:08,08/16/2024 01:11:35,Tour de Pologne - drugie zwyciƒôstwo Nysa,"...rangi World Tour. Opr√≥cz dw√≥ch sukces√≥w w Polsce wygra≈Ç po jednym etapie w Tour de Romandie i w Dooko≈Ça Szwajcarii. W klasyfikacji generalnej TdP jednak siƒô nie liczy, poniewa≈º poni√≥s≈Ç du≈ºe straty we wtorkowej je≈∫dzie indywidualnej na czas.

Za...",Tour de Pologne - drugie zwyciƒôstwo Nysa,"Tour de Pologne - drugie zwyciƒôstwo Nysa

Belg Thibau Nys z ekipy Lidl-Trek wygra≈Ç w Dusznikach-Zdroju trzeci etap wy≈õcigu kolarskiego Tour de Pologne. ≈ª√≥≈ÇtƒÖ koszulkƒô lidera zachowa≈Ç Du≈Ñczyk Jonas Vingegaard (Visma). Rafa≈Ç Majka (UAE Team Emirates) z...",https://lukow.twoje-miasto.pl/,http://twoje-miasto.pl/,http://lukow.twoje-miasto.pl/,https://lukow.twoje-miasto.pl/art-kraj/tour-de-pologne-drugie-zwyciestwo-i440852,pl,0,0,"BLOG,BLOG_OTHER",TEXT,https://strzelcekrajenskie.twoje-miasto.pl/art-kraj/tour-de-pologne-drugie-zwyciestwo-i440852,,,,"[{""url"":""st.twoje-miasto.pl/stat/artv/440852""},{""url"":""im.twoje-miasto.pl/theme/img/ico/pap.png""}]",,,,SEARCH /  / L√§nderreputation,0,0,0,0,0,0,0,0,0,0,0,0,0,0,0,0,0,0,0,0,0,0,0,0,0,0,0,0,0,0,,,,,,0.0,0.0,ex:lukow.twoje-miasto.pl-830111637,,kategoria Kraj,UNKNOWN,,,,,,,,,0.0,0.0,Europe,Poland,pl,Masovian Voivodeship,Warsaw,21.0003662109375,52.2482299804688,0,0,,,0,0,0,,0,0,lukow.twoje-miasto.pl,527,,0
https://media.advart.de/audio/ea686e99-9ab7-4fad-a633-ac1942650fb9.mp3,,08/17/2024 09:43:44,08/16/2024 18:00:00,08/17/2024 09:44:07,#41 - Die B(√º)rokratie,"Staffle vier Nass Enercity, Was ist Entase bitte F√ºr oft Energy ist eine Fernsehserie aus dem Ostamerika. Ovaler Sacharin ist das irgendwie mit Kalbern und Romandie, ja, tats√§chlich hat man auch √úbernahmef√§higen Minderaufkommen. Shooting Serie Kann...",#41 - Die B(√º)rokratie,"Tr√§ger mit dem, der dem siderischen Rundfunkeigen k√ºndigen M√∂chte, und er verspricht auf seinen Ballflyern sieh zeigen keine Rundfunkgeb√ºhren mehr, und ich dachte, die ganze Et, so geht doch irgendwie nicht. Ich wurde eines Besseren belehrten, habt e...",https://media.advart.de/audio/ea686e99-9ab7-4fad-a633-ac1942650fb9.mp3,http://advart.de/,http://media.advart.de/,https://media.advart.de/audio/ea686e99-9ab7-4fad-a633-ac1942650fb9.mp3,de,0,0,"PODCAST,PODCAST_OTHER",AUDIO,,"containsAudio,hasImage,isQuestion",,,[],https://media.advart.de/cover/0ec62574-220a-441f-b3a2-b78adc27bb26.jpg,,EXTERNAL_URL:podcast:https://rss.advart.de/dzvd,SEARCH /  / L√§nderreputation,0,0,0,0,0,0,0,0,0,0,0,0,0,0,0,0,0,0,0,0,0,0,0,0,0,0,0,0,0,0,Europe,Germany,de,Berlin,Berlin,13.3978271484375,52.5228881835938,ex:69160932,,"Finn Kramer, Jonas Listing & advart",MALE,,,,,,,,,0.0,0.0,Europe,Germany,de,Berlin,Berlin,13.3978271484375,52.5228881835938,0,0,,,0,0,0,,0,0,Die Zwei vom Dachboden - DZVD,836,,0
http://twitter.com/Unkdzn/status/1825130971223490710,,08/18/2024 13:22:42,08/18/2024 13:21:47,08/18/2024 13:22:53,,"N'h√©sitez pas √† soutenir ces gars ils sont g√©naux, nous sommes √† un match de la division 3 et par dessus tout du plus beau parcours qu'on puisse faire ‚ú® Je serai encore en live avec le fr√©rot @SolidMalo encore une fois √† partir de 14h ! üî¥ twitch.tv/TeamSolidCH/ x.com/TeamSolidCH/st‚Ä¶ QT @TeamSolidCH: C‚Äôest notre moment üí´ Aujourd‚Äôhui nous jouons la qualification en Division 3 √† 14:00, plus que jamais nous aurons besoin de la romandie ! ‚öîÔ∏è @muensteresports üü£ https://t.co/2zrg4aoD2V #WeAreSolid https://t.co/gpiuUbBz3f",,"N'h√©sitez pas √† soutenir ces gars ils sont g√©naux, nous sommes √† un match de la division 3 et par dessus tout du plus beau parcours qu'on puisse faire ‚ú® Je serai encore en live avec le fr√©rot @SolidMalo encore une fois √† partir de 14h ! üî¥ https://t.co/j7VYgJ1ywb https://t.co/ApFOYHb3ki QT @TeamSolidCH: C‚Äôest notre moment üí´ Aujourd‚Äôhui nous jouons la qualification en Division 3 √† 14:00, plus que jamais nous aurons besoin de la romandie ! ‚öîÔ∏è @muensteresports üü£ https://t.co/2zrg4aoD2V #WeAreSolid https://t.co/gpiuUbBz3f",http://twitter.com/Unkdzn/,http://twitter.com/,http://twitter.com/,http://twitter.com/TeamSolidCH/status/1825127325228249599,fr,0,5,"SOCIALMEDIA,SOCIALMEDIA_TWITTER",LINK,,,,,"[{""display_url"":""twitch.tv/TeamSolidCH/"",""expanded_url"":""https://twitch.tv/TeamSolidCH/"",""url"":""https://t.co/j7VYgJ1ywb""},{""display_url"":""x.com/TeamSolidCH/st‚Ä¶"",""expanded_url"":""https://twitter.com/TeamSolidCH/status/1825127325228249599"",""url"":""https://t.co/ApFOYHb3ki""}]",,,,SEARCH /  / L√§nderreputation,0,0,0,0,0,0,0,0,0,0,0,0,0,0,0,0,0,0,0,0,0,0,0,5735000064,0,0,0,312,0,0,Europe,Switzerland,ch,Canton of Neuch√¢tel,Neuch√¢tel,6.9268798828125,46.9967651367188,tw:1275440492793270273,,Mathew 'SLD Unknown' üåô,MALE,http://pbs.twimg.com/profile_images/1821343525667065856/NriY9MVj_normal.jpg,Unkdzn,http://twitter.com/Unkdzn/,Europe,Switzerland,ch,Canton of Neuch√¢tel,Neuch√¢tel,6.9268798828125,46.9967651367188,Europe,Switzerland,ch,Canton of Neuch√¢tel,Neuch√¢tel,6.9268798828125,46.9967651367188,0,312,,,1037070528,0,0,üá®üá≠üáπüá≠ // President & Creative @TeamSolidCH // @EsportRomand @AwakenLeague @SolidLittoral //,0,0,Mathew 'SLD Unknown' üåô,76,,0
http://twitter.com/CalatravaCH/status/1825222899382501578,,08/18/2024 19:27:53,08/18/2024 19:27:04,08/18/2024 19:27:57,,"@ChristopheHug12 @rphlpmy Mouais, cela existe depuis fort longtemps en Suisse al√©manique et cela ne pose aucun probl√®me particuliers. Faut-il croire que les gens y seraient plus raisonnables qu‚Äôen Suisse romande ? üòé",,"@ChristopheHug12 @rphlpmy Mouais, cela existe depuis fort longtemps en Suisse al√©manique et cela ne pose aucun probl√®me particuliers. Faut-il croire que les gens y seraient plus raisonnables qu‚Äôen Suisse romande ? üòé",http://twitter.com/CalatravaCH/,http://twitter.com/,http://twitter.com/,http://twitter.com/ChristopheHug12/status/1825205487908126787,fr,0,0,"SOCIALMEDIA,SOCIALMEDIA_TWITTER",TEXT,,"isQuestion,isComment,isTwitterReply,isVerifiedAuthor,isVerifiedSource",,,[],,,,SEARCH /  / L√§nderreputation,0,0,0,0,0,0,0,0,0,0,0,0,0,0,0,0,0,0,0,0,0,0,0,5735000064,0,0,0,1343,0,0,Europe,Switzerland,ch,Canton of Bern,Bern,7.4652099609375,46.9143676757813,tw:200467346,,Vespasien (PNO),MALE,http://pbs.twimg.com/profile_images/1360378906352746510/_ymIOV9Y_normal.jpg,CalatravaCH,http://twitter.com/CalatravaCH/,Europe,Switzerland,ch,Canton of Bern,Bern,7.4652099609375,46.9143676757813,Europe,Switzerland,ch,Canton of Bern,Bern,7.4652099609375,46.9143676757813,0,1343,,,1037070528,0,0,Non Inultus Premor,0,0,Vespasien (PNO),31,,0
https://investrends.ch/aktuell/news/deutlich-mehr-unternehmenskonkurse-im-juli/,,08/15/2024 11:39:54,08/15/2024 09:02:00,08/15/2024 11:39:59,Deutlich mehr Unternehmenskonkurse im Juli,"...lediglich um 1 Prozent angestiegen sind.

Romandie mit Wachstum bei den Gr√ºndungen

Den stark steigenden Konkursen stand nur... 

Die Neugr√ºndungen legten dabei in der Romandie (+7 Prozent) am st√§rksten zu, w√§hrend in den weiteren Regionen keine...",Deutlich mehr Unternehmenskonkurse im Juli,"Deutlich mehr Unternehmenskonkurse im Juli

Insgesamt wurde im Juli √ºber 469 Unternehmen ein Konkursverfahren er√∂ffnet, wie der Wirtschaftsinformationsdienst Dun & Bradstreet mitteilte. Das ist ein Drittel mehr als vor Jahresfrist.

15.08.2024, 11:02...",https://investrends.ch/,http://investrends.ch/,http://investrends.ch/,https://investrends.ch/aktuell/news/deutlich-mehr-unternehmenskonkurse-im-juli/,de,0,0,"ONLINENEWS,ONLINENEWS_OTHER",TEXT,,"containsImage,hasImage",,,"[{""url"":""http://www.linkedin.com/shareArticle?mini=true&amp;url=https%3A%2F%2Finvestrends.ch%2Faktuell%2Fnews%2Fdeutlich-mehr-unternehmenskonkurse-im-juli%2F&amp;title=Deutlich%20mehr%20Unternehmenskonkurse%20im%20Juli&amp;summary=Insgesamt%20wurde%20im%20Juli%20""},{""url"":""2Finvestrends.ch""},{""url"":""https://www.facebook.com/sharer/sharer.php?u=https%3A%2F%2Finvestrends.ch%2Faktuell%2Fnews%2Fdeutlich-mehr-unternehmenskonkurse-im-juli%2F""},{""url"":""https://www.xing.com/spi/shares/new?url=https%3A%2F%2Finvestrends.ch%2Faktuell%2Fnews%2Fdeutlich-mehr-unternehmenskonkurse-im-juli%2F&amp;description=Insgesamt%20wurde%20im%20Juli%20%C3%BCber%20469%20Unternehmen%20ein%20Konkursverfahren%20er%C3%B6ffnet%2C""}]",https://investrends.ch/site/assets/files/47699/shutterstock_2425065901.jpg,,,SEARCH /  / L√§nderreputation,0,0,0,0,0,0,0,0,0,0,0,0,0,0,0,0,0,1,0,0,0,0,0,0,7055,0,0,0,0,0,,,,,,0.0,0.0,ex:investrends.ch-642997907,,"2024 by publicontext ag , z√ºrich switzerland",UNKNOWN,,,,,,,,,0.0,0.0,Europe,Switzerland,ch,Canton of Bern,Bern,7.4652099609375,46.9143676757813,1,6580,,,0,6580,0,,0,0,investrends.ch,326,,0
https://www.loisirs.ch/categorie/597-restaurants?categories%5B0%5D=597&count=177&filtersOpen=0&future_only=1&layout=grid&only_top=0&page=2&result_zone=%23contents-list&route=generalmedia_loisirs_directory_category&size=10&sort=lastEdited&sorts%5BbestRated%5D=Mieux%20not%C3%A9s&sorts%5BlastEdited%5D=Derniers%20ajout%C3%A9s&sorts%5BloisirsSelection%5D=S%C3%A9lection%20Loisirs.ch&sorts%5BmostRelevant%5D=Plus%20pertinents,,08/20/2024 21:01:05,08/20/2024 21:00:16,08/20/2024 21:01:13,Gastronomie - Restaurants,"Les 60 restaurants o√π manger les meilleures raclettes de Suisse romande

Guide de la raclette: nos 60 adresses coups de coeur",Gastronomie - Restaurants,"Les 60 restaurants o√π manger les meilleures raclettes de Suisse romande

Guide de la raclette: nos 60 adresses coups de coeur",https://www.loisirs.ch/,http://loisirs.ch/,http://www.loisirs.ch/,https://www.loisirs.ch/categorie/597-restaurants?categories%5B0%5D=597&count=177&filtersOpen=0&future_only=1&layout=grid&only_top=0&page=2&result_zone=%23contents-list&route=generalmedia_loisirs_directory_category&size=10&sort=lastEdited&sorts%5BbestRated%5D=Mieux%20not%C3%A9s&sorts%5BlastEdited%5D=Derniers%20ajout%C3%A9s&sorts%5BloisirsSelection%5D=S%C3%A9lection%20Loisirs.ch&sorts%5BmostRelevant%5D=Plus%20pertinents,fr,0,5,"ONLINENEWS,ONLINENEWS_OTHER",TEXT,,,,,[],,,,SEARCH /  / L√§nderreputation,0,0,0,0,0,0,0,0,0,0,0,0,0,0,0,0,0,0,0,0,0,0,0,50000,465599,0,0,0,0,0,,,,,,0.0,0.0,ex:www.loisirs.ch-552273805,,La r√©daction de loisirs.ch,UNKNOWN,,,,,,,,,0.0,0.0,Europe,Switzerland,ch,Vaud,Lausanne,6.6522216796875,46.5298461914063,0,298695,,,20833,298695,0,,0,0,www.loisirs.ch,21,,0
http://twitter.com/Acquavite8/status/1825995765665153234,,08/20/2024 22:41:29,08/20/2024 22:38:10,08/20/2024 22:41:41,,"RT @MichelJeanDomi1: Le ¬´ journalisme ¬ª √† la mode suisse romande ! Sans blague, cet √©nergum√®ne est ¬´ r√©dacteur en chef ¬ª d‚Äôun quotidien v√¥doa‚Ä¶ ce qui situe le niveau pour les retardataires qui n‚Äôauraient pas encore compris. Au moins sait-on d√©sormais √† quoi il consacre ses journ√©es üòÇ Quelle dream team avec les brillantissimes Alexis et Massimo, propagandistes d‚Äô√©tat qui insultent Trump et Musk sur les r√©seaux aux frais du contribuable !",,"RT @MichelJeanDomi1: Le ¬´ journalisme ¬ª √† la mode suisse romande ! Sans blague, cet √©nergum√®ne est ¬´ r√©dacteur en chef ¬ª d‚Äôun quotidien v√¥doa‚Ä¶ ce qui situe le niveau pour les retardataires qui n‚Äôauraient pas encore compris. Au moins sait-on d√©sormais √† quoi il consacre ses journ√©es üòÇ Quelle dream team avec les brillantissimes Alexis et Massimo, propagandistes d‚Äô√©tat qui insultent Trump et Musk sur les r√©seaux aux frais du contribuable !",http://twitter.com/Acquavite8/,http://twitter.com/,http://twitter.com/,http://twitter.com/MichelJeanDomi1/status/1825872325637554578,fr,0,0,"SOCIALMEDIA,SOCIALMEDIA_TWITTER",TEXT,,"isComment,isRepost",,,[],,,,SEARCH /  / L√§nderreputation,0,0,0,0,0,0,0,0,0,0,0,0,0,0,0,0,0,0,0,0,0,0,0,5735000064,0,0,0,319,0,0,Europe,Switzerland,ch,Canton of Geneva,Geneva,6.1358642578125,46.2112426757813,tw:1419632036915126274,,Acquavite,UNKNOWN,http://pbs.twimg.com/profile_images/1441449723714588672/S_bEN6jk_normal.jpg,Acquavite8,http://twitter.com/Acquavite8/,Europe,France,fr,Paris,Paris,2.3345947265625,48.8644409179688,Europe,France,fr,Paris,Paris,2.3345947265625,48.8644409179688,0,319,,,1037070528,0,0,,0,0,Acquavite,67,,0
http://twitter.com/Williamladime/status/1824836125338296339,,08/17/2024 17:50:52,08/17/2024 17:50:10,08/17/2024 17:51:12,,"@thomasovitch1 Ce n'est pas parce que les Ukrainiens parlent le russe que la Russie a des droits sur l'Ukraine. Dans ce cas la France a des droits sur la Suisse romande, la Wallonie, la Louisiane, le Maine,le Luxembourg, le Qu√©bec et toute l'Afrique francophone...",,"@thomasovitch1 Ce n'est pas parce que les Ukrainiens parlent le russe que la Russie a des droits sur l'Ukraine. Dans ce cas la France a des droits sur la Suisse romande, la Wallonie, la Louisiane, le Maine,le Luxembourg, le Qu√©bec et toute l'Afrique francophone...",http://twitter.com/Williamladime/,http://twitter.com/,http://twitter.com/,http://twitter.com/thomasovitch1/status/1824789149876101142,fr,0,0,"SOCIALMEDIA,SOCIALMEDIA_TWITTER",TEXT,,"isComment,isTwitterReply",,,[],,,,SEARCH /  / L√§nderreputation,0,0,0,0,0,0,0,0,0,0,0,0,0,0,0,0,0,0,0,0,0,0,0,5735000064,0,0,0,130,0,0,,,,,,0.0,0.0,tw:1515800937033613312,,Willy,MALE,http://pbs.twimg.com/profile_images/1547852706999480320/ue3dFSuh_normal.jpg,Williamladime,http://twitter.com/Williamladime/,Europe,France,fr,Paris,Paris,2.3345947265625,48.8644409179688,Europe,France,fr,Paris,Paris,2.3345947265625,48.8644409179688,0,130,,,1037070528,0,0,Endoperturbateur neurasth√©nique qui aime les pol√©miques et la musique,0,0,Willy,45,,0
